TABELA|JOB|GRUPO|TASKTYPE|CARGA|HORARIO_CARGA|ISD|EVENTO_ISD|TEM_ALERTA|ALERTA_CONFIG|TIPO_ALERTA|PADRAO|MAXQAIT|FROMTIME|UNTILTIME|CONFIRM|MEMLIB|RESOURCE|PERIODICIDADE|CALENDARIO|INTERSIT|IN_COUNDS|OUT_COUNDS|COMENTARIO
PGITA000|PGITA000|PR12-PGITA000|CYC|SIM|07|SIM|ADICIONA CONDIÇÃO|SIM|LATESUB|U-ECS|SIM|00|07:45|08:00||MX.JCLFILE|NC-PR12-INIT|DIARIO|CAL_TODOS|||PGITA000-PGITA001-JBODAT +|RECONCILIACAO BANCARIA
PGITA000|PGITA001|PR12-PGITA000|CYC|SIM|07|SIM|ADICIONA CONDIÇÃO|NAO|||SIM|00|07:45|08:00||MX.JCLFILE|NC-PR12-INIT|DIARIO|CAL_TODOS|SIM; EVENTO: FORCE TABELA; PGITA000; AMBIENTE=AL1|PGITA000-PGITA001-JBODAT|"PGITA000-PGITA001-JBODAT -
PGITA001-PGITA002-JBODAT +"|CARGA DE HISTORICO
PGITA000|PGITA002|PR12-PGITA000|CYC|SIM|07|SIM|ADICIONA CONDIÇÃO|SIM|LATESUB|TSO-P|NAO|00|07:45|08:00||MX.JCLFILE|NC-PR12-INIT|DIARIO|CAL_TODOS|SIM; EVENTO: FORCE JOB; PGITA000; AMBIENTE=AL1|PGITA001-PGITA002-JBODAT|"PGITA001-PGITA002-JBODAT -
PGITA002-PGITA003-JBODAT +"|CARGA DE DADOS MENSAIS
PGITA000|PGITA003|PR12-PGITA000|CYC|SIM|07|SIM|ADICIONA CONDIÇÃO|SIM|LATE|OPER|NAO|00|07:45|08:00||MX.JCLFILE|NC-PR12-INIT|DIARIO|CAL_TODOS||PGITA002-PGITA003-JBODAT|"PGITA002-PGITA003-JBODAT -
PGITA003-PGITA004-JBODAT +"|CARGA DE HISTORICO
PGITA000|PGITA004|PR12-PGITA000|CYC|SIM|07|SIM|ADICIONA CONDIÇÃO|SIM|LATESUB|TSO-P|SIM|00|07:45|08:00||MX.JCLFILE|NC-PR12-INIT|DIARIO|CAL_TODOS||PGITA003-PGITA004-JBODAT|PGITA003-PGITA004-JBODAT -|GERACAO DE EXTRATOS
PGITB000|PGITB000|PR31-PGITB000|JOB|SIM|00|SIM|FORCE JOB|NAO|||SIM|05|19:00|23:30||DUMMY|DM-PR31-INIT|DIARIO|CAL_MENSAL|SIM; EVENTO: FORCE JOB; PGITB000; AMBIENTE=MZ1||PGITB000-PGITB001-JBODAT +|RECONCILIACAO BANCARIA
PGITB000|PGITB001|PR31-PGITB000|JOB|SIM|00|SIM|FORCE JOB|SIM|LATESUB|U-ECS|SIM|05|19:00|23:30||DUMMY|DM-PR31-INIT|DIARIO|CAL_MENSAL|SIM; EVENTO: FORCE JOB; PGITB000; AMBIENTE=MZ1|PGITB000-PGITB001-JBODAT|"PGITB000-PGITB001-JBODAT -
PGITB001-PGITB002-JBODAT +"|JOB DE BACKUP
PGITB000|PGITB002|PR31-PGITB000|JOB|SIM|00|SIM|FORCE JOB|NAO|||SIM|05|19:00|23:30||DUMMY|DM-PR31-INIT|DIARIO|CAL_MENSAL||PGITB001-PGITB002-JBODAT|"PGITB001-PGITB002-JBODAT -
PGITB002-PGITB003-JBODAT +"|CARGA DE HISTORICO
PGITB000|PGITB003|PR31-PGITB000|JOB|SIM|00|SIM|FORCE JOB|SIM|EXECTIME|OPER|NAO|05|19:00|23:30||DUMMY|DM-PR31-INIT|DIARIO|CAL_MENSAL|SIM; EVENTO: ADICIONA CONDIÇÃO; PGITB000; AMBIENTE=MZ1|PGITB002-PGITB003-JBODAT|"PGITB002-PGITB003-JBODAT -
PGITB003-PGITB004-JBODAT +"|PROCESSAMENTO DE ARQUIVOS
PGITB000|PGITB004|PR31-PGITB000|JOB|SIM|00|SIM|FORCE JOB|NAO|||SIM|05|19:00|23:30||DUMMY|DM-PR31-INIT|DIARIO|CAL_MENSAL||PGITB003-PGITB004-JBODAT|"PGITB003-PGITB004-JBODAT -
PGITB004-PGITB005-JBODAT +"|PROCESSAMENTO DE ARQUIVOS
PGITB000|PGITB005|PR31-PGITB000|JOB|SIM|00|SIM|FORCE JOB|NAO|||SIM|05|19:00|23:30||DUMMY|DM-PR31-INIT|DIARIO|CAL_MENSAL|SIM; EVENTO: ADICIONA CONDIÇÃO; PGITB000; AMBIENTE=MZ1|PGITB004-PGITB005-JBODAT|"PGITB004-PGITB005-JBODAT -
PGITB005-PGITB006-JBODAT +"|GERACAO DE EXTRATOS
PGITB000|PGITB006|PR31-PGITB000|JOB|SIM|00|SIM|FORCE JOB|NAO|||NAO|05|19:00|23:30||DUMMY|DM-PR31-INIT|DIARIO|CAL_MENSAL||PGITB005-PGITB006-JBODAT|"PGITB005-PGITB006-JBODAT -
PGITB006-PGITB007-JBODAT +"|PROCESSAMENTO FINANCEIRO
PGITB000|PGITB007|PR31-PGITB000|JOB|SIM|00|SIM|FORCE JOB|SIM|LATESUB|TSO-P|SIM|05|19:00|23:30||DUMMY|DM-PR31-INIT|DIARIO|CAL_MENSAL||PGITB006-PGITB007-JBODAT|"PGITB006-PGITB007-JBODAT -
PGITB007-PGITB008-JBODAT +"|JOB DE RECONCILIACAO
PGITB000|PGITB008|PR31-PGITB000|JOB|SIM|00|SIM|FORCE JOB|SIM|LATESUB|TSO-P|SIM|05|19:00|23:30||DUMMY|DM-PR31-INIT|DIARIO|CAL_MENSAL||PGITB007-PGITB008-JBODAT|"PGITB007-PGITB008-JBODAT -
PGITB008-PGITB009-JBODAT +"|PROCESSAMENTO CONTABIL
PGITB000|PGITB009|PR31-PGITB000|JOB|SIM|00|SIM|FORCE JOB|NAO|||SIM|05|19:00|23:30||DUMMY|DM-PR31-INIT|DIARIO|CAL_MENSAL|SIM; EVENTO: ADICIONA CONDIÇÃO; PGITB000; AMBIENTE=MZ1|PGITB008-PGITB009-JBODAT|"PGITB008-PGITB009-JBODAT -
PGITB009-PGITB010-JBODAT +"|CARGA DE HISTORICO
PGITB000|PGITB010|PR31-PGITB000|JOB|SIM|00|SIM|FORCE JOB|NAO|||NAO|05|19:00|23:30|Y|DUMMY|DM-PR31-INIT|DIARIO|CAL_MENSAL||PGITB009-PGITB010-JBODAT|"PGITB009-PGITB010-JBODAT -
PGITB010-PGITB011-JBODAT +"|PROCESSAMENTO CONTABIL
PGITB000|PGITB011|PR31-PGITB000|JOB|SIM|00|SIM|FORCE JOB|SIM|LATESUB|U-ECS|NAO|05|19:00|23:30||DUMMY|DM-PR31-INIT|DIARIO|CAL_MENSAL||PGITB010-PGITB011-JBODAT|"PGITB010-PGITB011-JBODAT -
PGITB011-PGITB012-JBODAT +"|GERACAO DE EXTRATOS
PGITB000|PGITB012|PR31-PGITB000|JOB|SIM|00|SIM|FORCE JOB|SIM|LATESUB|TSO-P|SIM|05|19:00|23:30|Y|DUMMY|DM-PR31-INIT|DIARIO|CAL_MENSAL||PGITB011-PGITB012-JBODAT|"PGITB011-PGITB012-JBODAT -
PGITB012-PGITB013-JBODAT +"|GERACAO DE EXTRATOS
PGITB000|PGITB013|PR31-PGITB000|JOB|SIM|00|SIM|FORCE JOB|SIM|LATESUB|TSO-P|NAO|05|19:00|23:30|Y|DUMMY|DM-PR31-INIT|DIARIO|CAL_MENSAL||PGITB012-PGITB013-JBODAT|"PGITB012-PGITB013-JBODAT -
PGITB013-PGITB014-JBODAT +"|PROCESSAMENTO DE ARQUIVOS
PGITB000|PGITB014|PR31-PGITB000|JOB|SIM|00|SIM|FORCE JOB|NAO|||SIM|05|19:00|23:30|Y|DUMMY|DM-PR31-INIT|DIARIO|CAL_MENSAL||PGITB013-PGITB014-JBODAT|"PGITB013-PGITB014-JBODAT -
PGITB014-PGITB015-JBODAT +"|CARGA DE DADOS MENSAIS
PGITB000|PGITB015|PR31-PGITB000|JOB|SIM|00|SIM|FORCE JOB|SIM|LATESUB|TSO-P|SIM|05|19:00|23:30||DUMMY|DM-PR31-INIT|DIARIO|CAL_MENSAL||PGITB014-PGITB015-JBODAT|PGITB014-PGITB015-JBODAT -|JOB DE RECONCILIACAO
ACEVN000|ACEVN000|PR21-ACEVN000|JOB|NAO|23|NAO||NAO|||SIM|05|18:15|21:45||MX.CTMR.PR21.SCHEFILE|CR-PR21-INIT|SEMANAL|CAL_TODOS|SIM; EVENTO: FORCE TABELA; ACEVN000; AMBIENTE=MZ1||ACEVN000-ACEVN001-JBODAT +|CARGA DE TABELAS DE PARAMETRO
ACEVN000|ACEVN001|PR21-ACEVN000|JOB|NAO|23|NAO||SIM|LATESUB|OPER|SIM|05|18:15|21:45|Y|MX.CTMR.PR21.SCHEFILE|CR-PR21-INIT|SEMANAL|CAL_TODOS||ACEVN000-ACEVN001-JBODAT|"ACEVN000-ACEVN001-JBODAT -
ACEVN001-ACEVN002-JBODAT +"|PROCESSAMENTO FINANCEIRO
ACEVN000|ACEVN002|PR21-ACEVN000|JOB|NAO|23|NAO||SIM|EXECTIME|TSO-P|SIM|05|18:15|21:45||MX.CTMR.PR21.SCHEFILE|CR-PR21-INIT|SEMANAL|CAL_TODOS|SIM; EVENTO: FORCE JOB; ACEVN000; AMBIENTE=MZ1|ACEVN001-ACEVN002-JBODAT|"ACEVN001-ACEVN002-JBODAT -
ACEVN002-ACEVN003-JBODAT +"|PROCESSAMENTO FINANCEIRO
ACEVN000|ACEVN003|PR21-ACEVN000|JOB|NAO|23|NAO||SIM|LATESUB|U-ECS|NAO|05|18:15|21:45||MX.CTMR.PR21.SCHEFILE|CR-PR21-INIT|SEMANAL|CAL_TODOS||ACEVN002-ACEVN003-JBODAT|"ACEVN002-ACEVN003-JBODAT -
ACEVN003-ACEVN004-JBODAT +"|JOB DE BACKUP
ACEVN000|ACEVN004|PR21-ACEVN000|JOB|NAO|23|NAO||SIM|EXECTIME|OPER|NAO|05|18:15|21:45||MX.CTMR.PR21.SCHEFILE|CR-PR21-INIT|SEMANAL|CAL_TODOS||ACEVN003-ACEVN004-JBODAT|"ACEVN003-ACEVN004-JBODAT -
ACEVN004-ACEVN005-JBODAT +"|JOB DE INTERFACE
ACEVN000|ACEVN005|PR21-ACEVN000|JOB|NAO|23|NAO||SIM|LATESUB|U-ECS|SIM|05|18:15|21:45|Y|MX.CTMR.PR21.SCHEFILE|CR-PR21-INIT|SEMANAL|CAL_TODOS||ACEVN004-ACEVN005-JBODAT|"ACEVN004-ACEVN005-JBODAT -
ACEVN005-ACEVN006-JBODAT +"|CARGA DE HISTORICO
ACEVN000|ACEVN006|PR21-ACEVN000|JOB|NAO|23|NAO||SIM|EXECTIME|OPER|SIM|05|18:15|21:45||MX.CTMR.PR21.SCHEFILE|CR-PR21-INIT|SEMANAL|CAL_TODOS|SIM; EVENTO: FORCE TABELA; ACEVN000; AMBIENTE=MZ1|ACEVN005-ACEVN006-JBODAT|"ACEVN005-ACEVN006-JBODAT -
ACEVN006-ACEVN007-JBODAT +"|GERACAO DE RELATORIOS
ACEVN000|ACEVN007|PR21-ACEVN000|JOB|NAO|23|NAO||NAO|||SIM|05|18:15|21:45||MX.CTMR.PR21.SCHEFILE|CR-PR21-INIT|SEMANAL|CAL_TODOS|SIM; EVENTO: ADICIONA CONDIÇÃO; ACEVN000; AMBIENTE=MZ1|ACEVN006-ACEVN007-JBODAT|"ACEVN006-ACEVN007-JBODAT -
ACEVN007-ACEVN008-JBODAT +"|CARGA DE DADOS MENSAIS
ACEVN000|ACEVN008|PR21-ACEVN000|JOB|NAO|23|NAO||SIM|LATESUB|U-ECS|SIM|05|18:15|21:45||MX.CTMR.PR21.SCHEFILE|CR-PR21-INIT|SEMANAL|CAL_TODOS||ACEVN007-ACEVN008-JBODAT|"ACEVN007-ACEVN008-JBODAT -
ACEVN008-ACEVN009-JBODAT +"|JOB DE INTERFACE
ACEVN000|ACEVN009|PR21-ACEVN000|JOB|NAO|23|NAO||SIM|EXECTIME|TSO-P|NAO|05|18:15|21:45||MX.CTMR.PR21.SCHEFILE|CR-PR21-INIT|SEMANAL|CAL_TODOS||ACEVN008-ACEVN009-JBODAT|"ACEVN008-ACEVN009-JBODAT -
ACEVN009-ACEVN010-JBODAT +"|PROCESSAMENTO DE ARQUIVOS
ACEVN000|ACEVN010|PR21-ACEVN000|JOB|NAO|23|NAO||SIM|EXECTIME|TSO-P|SIM|05|18:15|21:45||MX.CTMR.PR21.SCHEFILE|CR-PR21-INIT|SEMANAL|CAL_TODOS|SIM; EVENTO: FORCE JOB; ACEVN000; AMBIENTE=MZ1|ACEVN009-ACEVN010-JBODAT|"ACEVN009-ACEVN010-JBODAT -
ACEVN010-ACEVN011-JBODAT +"|GERACAO DE RELATORIOS
ACEVN000|ACEVN011|PR21-ACEVN000|JOB|NAO|23|NAO||NAO|||NAO|05|18:15|21:45|Y|MX.CTMR.PR21.SCHEFILE|CR-PR21-INIT|SEMANAL|CAL_TODOS|SIM; EVENTO: FORCE TABELA; ACEVN000; AMBIENTE=MZ1|ACEVN010-ACEVN011-JBODAT|"ACEVN010-ACEVN011-JBODAT -
ACEVN011-ACEVN012-JBODAT +"|CARGA DE TABELAS DE PARAMETRO
ACEVN000|ACEVN012|PR21-ACEVN000|JOB|NAO|23|NAO||SIM|LATESUB|TSO-P|SIM|05|18:15|21:45|Y|MX.CTMR.PR21.SCHEFILE|CR-PR21-INIT|SEMANAL|CAL_TODOS||ACEVN011-ACEVN012-JBODAT|"ACEVN011-ACEVN012-JBODAT -
ACEVN012-ACEVN013-JBODAT +"|PROCESSAMENTO DE ARQUIVOS
ACEVN000|ACEVN013|PR21-ACEVN000|JOB|NAO|23|NAO||SIM|EXECTIME|U-ECS|SIM|05|18:15|21:45||MX.CTMR.PR21.SCHEFILE|CR-PR21-INIT|SEMANAL|CAL_TODOS|SIM; EVENTO: FORCE TABELA; ACEVN000; AMBIENTE=MZ1|ACEVN012-ACEVN013-JBODAT|"ACEVN012-ACEVN013-JBODAT -
ACEVN013-ACEVN014-JBODAT +"|PROCESSAMENTO DE PAGAMENTOS
ACEVN000|ACEVN014|PR21-ACEVN000|JOB|NAO|23|NAO||SIM|LATE|OPER|SIM|05|18:15|21:45||MX.CTMR.PR21.SCHEFILE|CR-PR21-INIT|SEMANAL|CAL_TODOS|SIM; EVENTO: FORCE TABELA; ACEVN000; AMBIENTE=MZ1|ACEVN013-ACEVN014-JBODAT|"ACEVN013-ACEVN014-JBODAT -
ACEVN014-ACEVN015-JBODAT +"|JOB DE BACKUP
ACEVN000|ACEVN015|PR21-ACEVN000|JOB|NAO|23|NAO||NAO|||NAO|05|18:15|21:45||MX.CTMR.PR21.SCHEFILE|CR-PR21-INIT|SEMANAL|CAL_TODOS||ACEVN014-ACEVN015-JBODAT|"ACEVN014-ACEVN015-JBODAT -
ACEVN015-ACEVN016-JBODAT +"|PROCESSAMENTO FINANCEIRO
ACEVN000|ACEVN016|PR21-ACEVN000|JOB|NAO|23|NAO||NAO|||NAO|05|18:15|21:45|Y|MX.CTMR.PR21.SCHEFILE|CR-PR21-INIT|SEMANAL|CAL_TODOS||ACEVN015-ACEVN016-JBODAT|"ACEVN015-ACEVN016-JBODAT -
ACEVN016-ACEVN017-JBODAT +"|PROCESSAMENTO CONTABIL
ACEVN000|ACEVN017|PR21-ACEVN000|JOB|NAO|23|NAO||NAO|||SIM|05|18:15|21:45|Y|MX.CTMR.PR21.SCHEFILE|CR-PR21-INIT|SEMANAL|CAL_TODOS||ACEVN016-ACEVN017-JBODAT|"ACEVN016-ACEVN017-JBODAT -
ACEVN017-ACEVN018-JBODAT +"|CARGA DE TABELAS DE PARAMETRO
ACEVN000|ACEVN018|PR21-ACEVN000|JOB|NAO|23|NAO||SIM|EXECTIME|U-ECS|SIM|05|18:15|21:45||MX.CTMR.PR21.SCHEFILE|CR-PR21-INIT|SEMANAL|CAL_TODOS|SIM; EVENTO: FORCE JOB; ACEVN000; AMBIENTE=MZ1|ACEVN017-ACEVN018-JBODAT|"ACEVN017-ACEVN018-JBODAT -
ACEVN018-ACEVN019-JBODAT +"|PROCESSAMENTO DE ARQUIVOS
ACEVN000|ACEVN019|PR21-ACEVN000|JOB|NAO|23|NAO||SIM|EXECTIME|TSO-P|NAO|05|18:15|21:45|Y|MX.CTMR.PR21.SCHEFILE|CR-PR21-INIT|SEMANAL|CAL_TODOS||ACEVN018-ACEVN019-JBODAT|ACEVN018-ACEVN019-JBODAT -|RECONCILIACAO BANCARIA
BRTXC000|BRTXC000|PR31-BRTXC000|CYC|SIM|03|NAO||NAO|||SIM|00|17:15|20:30||DUMMY|DM-PR31-INIT|DIARIO|CAL_UTIL|||BRTXC000-BRTXC001-JBODAT +|GERACAO DE EXTRATOS
BRTXC000|BRTXC001|PR31-BRTXC000|CYC|SIM|03|NAO||NAO|||NAO|00|17:15|20:30||DUMMY|DM-PR31-INIT|DIARIO|CAL_UTIL||BRTXC000-BRTXC001-JBODAT|"BRTXC000-BRTXC001-JBODAT -
BRTXC001-BRTXC002-JBODAT +"|CARGA DE DADOS MENSAIS
BRTXC000|BRTXC002|PR31-BRTXC000|CYC|SIM|03|NAO||NAO|||NAO|00|17:15|20:30|Y|DUMMY|DM-PR31-INIT|DIARIO|CAL_UTIL||BRTXC001-BRTXC002-JBODAT|"BRTXC001-BRTXC002-JBODAT -
BRTXC002-BRTXC003-JBODAT +"|JOB DE RECONCILIACAO
BRTXC000|BRTXC003|PR31-BRTXC000|CYC|SIM|03|NAO||NAO|||SIM|00|17:15|20:30||DUMMY|DM-PR31-INIT|DIARIO|CAL_UTIL||BRTXC002-BRTXC003-JBODAT|"BRTXC002-BRTXC003-JBODAT -
BRTXC003-BRTXC004-JBODAT +"|JOB DE BACKUP
BRTXC000|BRTXC004|PR31-BRTXC000|CYC|SIM|03|NAO||SIM|EXECTIME|OPER|SIM|00|17:15|20:30||DUMMY|DM-PR31-INIT|DIARIO|CAL_UTIL||BRTXC003-BRTXC004-JBODAT|BRTXC003-BRTXC004-JBODAT -|CARGA DE TABELAS DE PARAMETRO
FINCA000|FINCA000|PR21-FINCA000|JOB|SIM|10|NAO||NAO|||SIM|05|20:30|22:15||MX.CTMR.PR21.SCHEFILE|CR-PR21-INIT|A PEDIDO|CAL_UTIL|SIM; EVENTO: FORCE TABELA; FINCA000; AMBIENTE=AL1||FINCA000-FINCA001-JBODAT +|CARGA DE HISTORICO
FINCA000|FINCA001|PR21-FINCA000|JOB|SIM|10|NAO||SIM|LATE|OPER|SIM|05|20:30|22:15||MX.CTMR.PR21.SCHEFILE|CR-PR21-INIT|A PEDIDO|CAL_UTIL||FINCA000-FINCA001-JBODAT|"FINCA000-FINCA001-JBODAT -
FINCA001-FINCA002-JBODAT +"|PROCESSAMENTO DE ARQUIVOS
FINCA000|FINCA002|PR21-FINCA000|JOB|SIM|10|NAO||NAO|||SIM|05|20:30|22:15||MX.CTMR.PR21.SCHEFILE|CR-PR21-INIT|A PEDIDO|CAL_UTIL||FINCA001-FINCA002-JBODAT|"FINCA001-FINCA002-JBODAT -
FINCA002-FINCA003-JBODAT +"|CARGA DE DADOS MENSAIS
FINCA000|FINCA003|PR21-FINCA000|JOB|SIM|10|NAO||NAO|||SIM|05|20:30|22:15||MX.CTMR.PR21.SCHEFILE|CR-PR21-INIT|A PEDIDO|CAL_UTIL|SIM; EVENTO: FORCE JOB; FINCA000; AMBIENTE=AL1|FINCA002-FINCA003-JBODAT|"FINCA002-FINCA003-JBODAT -
FINCA003-FINCA004-JBODAT +"|CARGA INCREMENTAL
FINCA000|FINCA004|PR21-FINCA000|JOB|SIM|10|NAO||NAO|||SIM|05|20:30|22:15||MX.CTMR.PR21.SCHEFILE|CR-PR21-INIT|A PEDIDO|CAL_UTIL||FINCA003-FINCA004-JBODAT|"FINCA003-FINCA004-JBODAT -
FINCA004-FINCA005-JBODAT +"|JOB DE BACKUP
FINCA000|FINCA005|PR21-FINCA000|JOB|SIM|10|NAO||NAO|||NAO|05|20:30|22:15||MX.CTMR.PR21.SCHEFILE|CR-PR21-INIT|A PEDIDO|CAL_UTIL||FINCA004-FINCA005-JBODAT|"FINCA004-FINCA005-JBODAT -
FINCA005-FINCA006-JBODAT +"|GERACAO DE RELATORIOS
FINCA000|FINCA006|PR21-FINCA000|JOB|SIM|10|NAO||NAO|||NAO|05|20:30|22:15||MX.CTMR.PR21.SCHEFILE|CR-PR21-INIT|A PEDIDO|CAL_UTIL||FINCA005-FINCA006-JBODAT|"FINCA005-FINCA006-JBODAT -
FINCA006-FINCA007-JBODAT +"|CARGA INCREMENTAL
FINCA000|FINCA007|PR21-FINCA000|JOB|SIM|10|NAO||SIM|EXECTIME|TSO-P|SIM|05|20:30|22:15||MX.CTMR.PR21.SCHEFILE|CR-PR21-INIT|A PEDIDO|CAL_UTIL||FINCA006-FINCA007-JBODAT|"FINCA006-FINCA007-JBODAT -
FINCA007-FINCA008-JBODAT +"|PROCESSAMENTO DIARIO DE LOTE
FINCA000|FINCA008|PR21-FINCA000|JOB|SIM|10|NAO||SIM|LATESUB|TSO-P|NAO|05|20:30|22:15||MX.CTMR.PR21.SCHEFILE|CR-PR21-INIT|A PEDIDO|CAL_UTIL||FINCA007-FINCA008-JBODAT|"FINCA007-FINCA008-JBODAT -
FINCA008-FINCA009-JBODAT +"|CARGA DE TABELAS DE PARAMETRO
FINCA000|FINCA009|PR21-FINCA000|JOB|SIM|10|NAO||SIM|LATE|U-ECS|SIM|05|20:30|22:15||MX.CTMR.PR21.SCHEFILE|CR-PR21-INIT|A PEDIDO|CAL_UTIL||FINCA008-FINCA009-JBODAT|"FINCA008-FINCA009-JBODAT -
FINCA009-FINCA010-JBODAT +"|PROCESSAMENTO DIARIO DE LOTE
FINCA000|FINCA010|PR21-FINCA000|JOB|SIM|10|NAO||SIM|LATE|TSO-P|SIM|05|20:30|22:15||MX.CTMR.PR21.SCHEFILE|CR-PR21-INIT|A PEDIDO|CAL_UTIL||FINCA009-FINCA010-JBODAT|"FINCA009-FINCA010-JBODAT -
FINCA010-FINCA011-JBODAT +"|CARGA DE TABELAS DE PARAMETRO
FINCA000|FINCA011|PR21-FINCA000|JOB|SIM|10|NAO||NAO|||SIM|05|20:30|22:15||MX.CTMR.PR21.SCHEFILE|CR-PR21-INIT|A PEDIDO|CAL_UTIL||FINCA010-FINCA011-JBODAT|"FINCA010-FINCA011-JBODAT -
FINCA011-FINCA012-JBODAT +"|GERACAO DE RELATORIOS
FINCA000|FINCA012|PR21-FINCA000|JOB|SIM|10|NAO||NAO|||NAO|05|20:30|22:15||MX.CTMR.PR21.SCHEFILE|CR-PR21-INIT|A PEDIDO|CAL_UTIL|SIM; EVENTO: FORCE TABELA; FINCA000; AMBIENTE=AL1|FINCA011-FINCA012-JBODAT|"FINCA011-FINCA012-JBODAT -
FINCA012-FINCA013-JBODAT +"|PROCESSAMENTO FINANCEIRO
FINCA000|FINCA013|PR21-FINCA000|JOB|SIM|10|NAO||NAO|||NAO|05|20:30|22:15||MX.CTMR.PR21.SCHEFILE|CR-PR21-INIT|A PEDIDO|CAL_UTIL||FINCA012-FINCA013-JBODAT|"FINCA012-FINCA013-JBODAT -
FINCA013-FINCA014-JBODAT +"|CARGA DE TABELAS DE PARAMETRO
FINCA000|FINCA014|PR21-FINCA000|JOB|SIM|10|NAO||NAO|||NAO|05|20:30|22:15||MX.CTMR.PR21.SCHEFILE|CR-PR21-INIT|A PEDIDO|CAL_UTIL|SIM; EVENTO: FORCE JOB; FINCA000; AMBIENTE=AL1|FINCA013-FINCA014-JBODAT|"FINCA013-FINCA014-JBODAT -
FINCA014-FINCA015-JBODAT +"|PROCESSAMENTO FINANCEIRO
FINCA000|FINCA015|PR21-FINCA000|JOB|SIM|10|NAO||NAO|||NAO|05|20:30|22:15||MX.CTMR.PR21.SCHEFILE|CR-PR21-INIT|A PEDIDO|CAL_UTIL||FINCA014-FINCA015-JBODAT|"FINCA014-FINCA015-JBODAT -
FINCA015-FINCA016-JBODAT +"|PROCESSAMENTO FINANCEIRO
FINCA000|FINCA016|PR21-FINCA000|JOB|SIM|10|NAO||NAO|||SIM|05|20:30|22:15||MX.CTMR.PR21.SCHEFILE|CR-PR21-INIT|A PEDIDO|CAL_UTIL|SIM; EVENTO: ADICIONA CONDIÇÃO; FINCA000; AMBIENTE=AL1|FINCA015-FINCA016-JBODAT|"FINCA015-FINCA016-JBODAT -
FINCA016-FINCA017-JBODAT +"|PROCESSAMENTO DE PAGAMENTOS
FINCA000|FINCA017|PR21-FINCA000|JOB|SIM|10|NAO||NAO|||SIM|05|20:30|22:15||MX.CTMR.PR21.SCHEFILE|CR-PR21-INIT|A PEDIDO|CAL_UTIL||FINCA016-FINCA017-JBODAT|FINCA016-FINCA017-JBODAT -|PROCESSAMENTO DE PAGAMENTOS
LOGD0000|LOGD0000|PR31-LOGD0000|JOB|SIM|00|SIM|FORCE TABELA|NAO|||NAO|05|19:00|23:45||DUMMY|DM-PR31-INIT|ANUAL|CAL_TODOS|SIM; EVENTO: ADICIONA CONDIÇÃO; LOGD0000; AMBIENTE=AL1||LOGD0000-LOGD0001-JBODAT +|PROCESSAMENTO DIARIO DE LOTE
LOGD0000|LOGD0001|PR31-LOGD0000|JOB|SIM|00|SIM|FORCE TABELA|SIM|LATE|OPER|SIM|05|19:00|23:45||DUMMY|DM-PR31-INIT|ANUAL|CAL_TODOS||LOGD0000-LOGD0001-JBODAT|"LOGD0000-LOGD0001-JBODAT -
LOGD0001-LOGD0002-JBODAT +"|PROCESSAMENTO CONTABIL
LOGD0000|LOGD0002|PR31-LOGD0000|JOB|SIM|00|SIM|FORCE TABELA|SIM|LATESUB|OPER|SIM|05|19:00|23:45||DUMMY|DM-PR31-INIT|ANUAL|CAL_TODOS||LOGD0001-LOGD0002-JBODAT|"LOGD0001-LOGD0002-JBODAT -
LOGD0002-LOGD0003-JBODAT +"|PROCESSAMENTO DE PAGAMENTOS
LOGD0000|LOGD0003|PR31-LOGD0000|JOB|SIM|00|SIM|FORCE TABELA|NAO|||NAO|05|19:00|23:45||DUMMY|DM-PR31-INIT|ANUAL|CAL_TODOS||LOGD0002-LOGD0003-JBODAT|"LOGD0002-LOGD0003-JBODAT -
LOGD0003-LOGD0004-JBODAT +"|GERACAO DE EXTRATOS
LOGD0000|LOGD0004|PR31-LOGD0000|JOB|SIM|00|SIM|FORCE TABELA|NAO|||NAO|05|19:00|23:45||DUMMY|DM-PR31-INIT|ANUAL|CAL_TODOS||LOGD0003-LOGD0004-JBODAT|"LOGD0003-LOGD0004-JBODAT -
LOGD0004-LOGD0005-JBODAT +"|PROCESSAMENTO CONTABIL
LOGD0000|LOGD0005|PR31-LOGD0000|JOB|SIM|00|SIM|FORCE TABELA|NAO|||NAO|05|19:00|23:45||DUMMY|DM-PR31-INIT|ANUAL|CAL_TODOS||LOGD0004-LOGD0005-JBODAT|"LOGD0004-LOGD0005-JBODAT -
LOGD0005-LOGD0006-JBODAT +"|GERACAO DE RELATORIOS
LOGD0000|LOGD0006|PR31-LOGD0000|JOB|SIM|00|SIM|FORCE TABELA|NAO|||SIM|05|19:00|23:45||DUMMY|DM-PR31-INIT|ANUAL|CAL_TODOS|SIM; EVENTO: FORCE JOB; LOGD0000; AMBIENTE=AL1|LOGD0005-LOGD0006-JBODAT|"LOGD0005-LOGD0006-JBODAT -
LOGD0006-LOGD0007-JBODAT +"|PROCESSAMENTO FINANCEIRO
LOGD0000|LOGD0007|PR31-LOGD0000|JOB|SIM|00|SIM|FORCE TABELA|NAO|||NAO|05|19:00|23:45||DUMMY|DM-PR31-INIT|ANUAL|CAL_TODOS||LOGD0006-LOGD0007-JBODAT|"LOGD0006-LOGD0007-JBODAT -
LOGD0007-LOGD0008-JBODAT +"|JOB DE RECONCILIACAO
LOGD0000|LOGD0008|PR31-LOGD0000|JOB|SIM|00|SIM|FORCE TABELA|SIM|EXECTIME|TSO-P|SIM|05|19:00|23:45||DUMMY|DM-PR31-INIT|ANUAL|CAL_TODOS|SIM; EVENTO: FORCE JOB; LOGD0000; AMBIENTE=AL1|LOGD0007-LOGD0008-JBODAT|"LOGD0007-LOGD0008-JBODAT -
LOGD0008-LOGD0009-JBODAT +"|CARGA INCREMENTAL
LOGD0000|LOGD0009|PR31-LOGD0000|JOB|SIM|00|SIM|FORCE TABELA|NAO|||NAO|05|19:00|23:45|Y|DUMMY|DM-PR31-INIT|ANUAL|CAL_TODOS||LOGD0008-LOGD0009-JBODAT|"LOGD0008-LOGD0009-JBODAT -
LOGD0009-LOGD0010-JBODAT +"|JOB DE BACKUP
LOGD0000|LOGD0010|PR31-LOGD0000|JOB|SIM|00|SIM|FORCE TABELA|SIM|LATESUB|TSO-P|NAO|05|19:00|23:45|Y|DUMMY|DM-PR31-INIT|ANUAL|CAL_TODOS||LOGD0009-LOGD0010-JBODAT|"LOGD0009-LOGD0010-JBODAT -
LOGD0010-LOGD0011-JBODAT +"|CARGA DE HISTORICO
LOGD0000|LOGD0011|PR31-LOGD0000|JOB|SIM|00|SIM|FORCE TABELA|NAO|||NAO|05|19:00|23:45||DUMMY|DM-PR31-INIT|ANUAL|CAL_TODOS||LOGD0010-LOGD0011-JBODAT|LOGD0010-LOGD0011-JBODAT -|CARGA DE HISTORICO
DAT1X000|DAT1X000|PR21-DAT1X000|JOB|NAO|16|NAO||SIM|LATE|U-ECS|SIM|05|11:45|13:45|Y|DUMMY|DM-PR21-INIT|DIARIO|CAL_SEMANAL|||DAT1X000-DAT1X001-JBODAT +|JOB DE INTERFACE
DAT1X000|DAT1X001|PR21-DAT1X000|JOB|NAO|16|NAO||NAO|||SIM|05|11:45|13:45|Y|DUMMY|DM-PR21-INIT|DIARIO|CAL_SEMANAL||DAT1X000-DAT1X001-JBODAT|"DAT1X000-DAT1X001-JBODAT -
DAT1X001-DAT1X002-JBODAT +"|PROCESSAMENTO FINANCEIRO
DAT1X000|DAT1X002|PR21-DAT1X000|JOB|NAO|16|NAO||NAO|||NAO|05|11:45|13:45||DUMMY|DM-PR21-INIT|DIARIO|CAL_SEMANAL||DAT1X001-DAT1X002-JBODAT|"DAT1X001-DAT1X002-JBODAT -
DAT1X002-DAT1X003-JBODAT +"|GERACAO DE RELATORIOS
DAT1X000|DAT1X003|PR21-DAT1X000|JOB|NAO|16|NAO||NAO|||NAO|05|11:45|13:45||DUMMY|DM-PR21-INIT|DIARIO|CAL_SEMANAL||DAT1X002-DAT1X003-JBODAT|"DAT1X002-DAT1X003-JBODAT -
DAT1X003-DAT1X004-JBODAT +"|RECONCILIACAO BANCARIA
DAT1X000|DAT1X004|PR21-DAT1X000|JOB|NAO|16|NAO||SIM|LATE|OPER|SIM|05|11:45|13:45||DUMMY|DM-PR21-INIT|DIARIO|CAL_SEMANAL||DAT1X003-DAT1X004-JBODAT|"DAT1X003-DAT1X004-JBODAT -
DAT1X004-DAT1X005-JBODAT +"|CARGA DE HISTORICO
DAT1X000|DAT1X005|PR21-DAT1X000|JOB|NAO|16|NAO||SIM|EXECTIME|OPER|SIM|05|11:45|13:45||DUMMY|DM-PR21-INIT|DIARIO|CAL_SEMANAL|SIM; EVENTO: FORCE JOB; DAT1X000; AMBIENTE=AL1|DAT1X004-DAT1X005-JBODAT|"DAT1X004-DAT1X005-JBODAT -
DAT1X005-DAT1X006-JBODAT +"|PROCESSAMENTO DE PAGAMENTOS
DAT1X000|DAT1X006|PR21-DAT1X000|JOB|NAO|16|NAO||SIM|LATESUB|OPER|NAO|05|11:45|13:45||DUMMY|DM-PR21-INIT|DIARIO|CAL_SEMANAL||DAT1X005-DAT1X006-JBODAT|"DAT1X005-DAT1X006-JBODAT -
DAT1X006-DAT1X007-JBODAT +"|JOB DE RECONCILIACAO
DAT1X000|DAT1X007|PR21-DAT1X000|JOB|NAO|16|NAO||SIM|EXECTIME|TSO-P|SIM|05|11:45|13:45||DUMMY|DM-PR21-INIT|DIARIO|CAL_SEMANAL||DAT1X006-DAT1X007-JBODAT|"DAT1X006-DAT1X007-JBODAT -
DAT1X007-DAT1X008-JBODAT +"|CARGA DE TABELAS DE PARAMETRO
DAT1X000|DAT1X008|PR21-DAT1X000|JOB|NAO|16|NAO||NAO|||NAO|05|11:45|13:45||DUMMY|DM-PR21-INIT|DIARIO|CAL_SEMANAL|SIM; EVENTO: ADICIONA CONDIÇÃO; DAT1X000; AMBIENTE=AL1|DAT1X007-DAT1X008-JBODAT|"DAT1X007-DAT1X008-JBODAT -
DAT1X008-DAT1X009-JBODAT +"|RECONCILIACAO BANCARIA
DAT1X000|DAT1X009|PR21-DAT1X000|JOB|NAO|16|NAO||SIM|EXECTIME|U-ECS|NAO|05|11:45|13:45||DUMMY|DM-PR21-INIT|DIARIO|CAL_SEMANAL||DAT1X008-DAT1X009-JBODAT|"DAT1X008-DAT1X009-JBODAT -
DAT1X009-DAT1X010-JBODAT +"|CARGA DE DADOS MENSAIS
DAT1X000|DAT1X010|PR21-DAT1X000|JOB|NAO|16|NAO||SIM|LATE|U-ECS|NAO|05|11:45|13:45||DUMMY|DM-PR21-INIT|DIARIO|CAL_SEMANAL|SIM; EVENTO: ADICIONA CONDIÇÃO; DAT1X000; AMBIENTE=AL1|DAT1X009-DAT1X010-JBODAT|"DAT1X009-DAT1X010-JBODAT -
DAT1X010-DAT1X011-JBODAT +"|CARGA INCREMENTAL
DAT1X000|DAT1X011|PR21-DAT1X000|JOB|NAO|16|NAO||SIM|LATE|TSO-P|SIM|05|11:45|13:45||DUMMY|DM-PR21-INIT|DIARIO|CAL_SEMANAL||DAT1X010-DAT1X011-JBODAT|"DAT1X010-DAT1X011-JBODAT -
DAT1X011-DAT1X012-JBODAT +"|PROCESSAMENTO DE ARQUIVOS
DAT1X000|DAT1X012|PR21-DAT1X000|JOB|NAO|16|NAO||NAO|||SIM|05|11:45|13:45||DUMMY|DM-PR21-INIT|DIARIO|CAL_SEMANAL||DAT1X011-DAT1X012-JBODAT|"DAT1X011-DAT1X012-JBODAT -
DAT1X012-DAT1X013-JBODAT +"|PROCESSAMENTO DE PAGAMENTOS
DAT1X000|DAT1X013|PR21-DAT1X000|JOB|NAO|16|NAO||NAO|||NAO|05|11:45|13:45||DUMMY|DM-PR21-INIT|DIARIO|CAL_SEMANAL||DAT1X012-DAT1X013-JBODAT|"DAT1X012-DAT1X013-JBODAT -
DAT1X013-DAT1X014-JBODAT +"|CARGA DE TABELAS DE PARAMETRO
DAT1X000|DAT1X014|PR21-DAT1X000|JOB|NAO|16|NAO||NAO|||NAO|05|11:45|13:45||DUMMY|DM-PR21-INIT|DIARIO|CAL_SEMANAL||DAT1X013-DAT1X014-JBODAT|"DAT1X013-DAT1X014-JBODAT -
DAT1X014-DAT1X015-JBODAT +"|CARGA DE DADOS MENSAIS
DAT1X000|DAT1X015|PR21-DAT1X000|JOB|NAO|16|NAO||NAO|||NAO|05|11:45|13:45||DUMMY|DM-PR21-INIT|DIARIO|CAL_SEMANAL||DAT1X014-DAT1X015-JBODAT|"DAT1X014-DAT1X015-JBODAT -
DAT1X015-DAT1X016-JBODAT +"|CARGA DE TABELAS DE PARAMETRO
DAT1X000|DAT1X016|PR21-DAT1X000|JOB|NAO|16|NAO||NAO|||NAO|05|11:45|13:45|Y|DUMMY|DM-PR21-INIT|DIARIO|CAL_SEMANAL||DAT1X015-DAT1X016-JBODAT|"DAT1X015-DAT1X016-JBODAT -
DAT1X016-DAT1X017-JBODAT +"|JOB DE RECONCILIACAO
DAT1X000|DAT1X017|PR21-DAT1X000|JOB|NAO|16|NAO||NAO|||SIM|05|11:45|13:45||DUMMY|DM-PR21-INIT|DIARIO|CAL_SEMANAL|SIM; EVENTO: FORCE JOB; DAT1X000; AMBIENTE=AL1|DAT1X016-DAT1X017-JBODAT|"DAT1X016-DAT1X017-JBODAT -
DAT1X017-DAT1X018-JBODAT +"|PROCESSAMENTO DE ARQUIVOS
DAT1X000|DAT1X018|PR21-DAT1X000|JOB|NAO|16|NAO||NAO|||SIM|05|11:45|13:45||DUMMY|DM-PR21-INIT|DIARIO|CAL_SEMANAL|SIM; EVENTO: FORCE TABELA; DAT1X000; AMBIENTE=AL1|DAT1X017-DAT1X018-JBODAT|"DAT1X017-DAT1X018-JBODAT -
DAT1X018-DAT1X019-JBODAT +"|RECONCILIACAO BANCARIA
DAT1X000|DAT1X019|PR21-DAT1X000|JOB|NAO|16|NAO||NAO|||NAO|05|11:45|13:45||DUMMY|DM-PR21-INIT|DIARIO|CAL_SEMANAL|SIM; EVENTO: FORCE JOB; DAT1X000; AMBIENTE=AL1|DAT1X018-DAT1X019-JBODAT|DAT1X018-DAT1X019-JBODAT -|PROCESSAMENTO DE PAGAMENTOS
RPT2A000|RPT2A000|PR41-RPT2A000|JOB|SIM|10|SIM|FORCE JOB|NAO|||NAO|05|10:30|14:30||DUMMY|DM-PR41-INIT|SEMESTRAL|CAL_MENSAL|SIM; EVENTO: FORCE JOB; RPT2A000; AMBIENTE=MZ1||RPT2A000-RPT2A001-JBODAT +|PROCESSAMENTO FINANCEIRO
RPT2A000|RPT2A001|PR41-RPT2A000|JOB|SIM|10|SIM|FORCE JOB|SIM|LATESUB|OPER|NAO|05|10:30|14:30|Y|DUMMY|DM-PR41-INIT|SEMESTRAL|CAL_MENSAL||RPT2A000-RPT2A001-JBODAT|"RPT2A000-RPT2A001-JBODAT -
RPT2A001-RPT2A002-JBODAT +"|CARGA DE HISTORICO
RPT2A000|RPT2A002|PR41-RPT2A000|JOB|SIM|10|SIM|FORCE JOB|SIM|EXECTIME|OPER|NAO|05|10:30|14:30||DUMMY|DM-PR41-INIT|SEMESTRAL|CAL_MENSAL||RPT2A001-RPT2A002-JBODAT|"RPT2A001-RPT2A002-JBODAT -
RPT2A002-RPT2A003-JBODAT +"|CARGA DE HISTORICO
RPT2A000|RPT2A003|PR41-RPT2A000|JOB|SIM|10|SIM|FORCE JOB|NAO|||SIM|05|10:30|14:30||DUMMY|DM-PR41-INIT|SEMESTRAL|CAL_MENSAL|SIM; EVENTO: FORCE JOB; RPT2A000; AMBIENTE=MZ1|RPT2A002-RPT2A003-JBODAT|"RPT2A002-RPT2A003-JBODAT -
RPT2A003-RPT2A004-JBODAT +"|JOB DE RECONCILIACAO
RPT2A000|RPT2A004|PR41-RPT2A000|JOB|SIM|10|SIM|FORCE JOB|NAO|||SIM|05|10:30|14:30||DUMMY|DM-PR41-INIT|SEMESTRAL|CAL_MENSAL|SIM; EVENTO: FORCE TABELA; RPT2A000; AMBIENTE=MZ1|RPT2A003-RPT2A004-JBODAT|"RPT2A003-RPT2A004-JBODAT -
RPT2A004-RPT2A005-JBODAT +"|PROCESSAMENTO DIARIO DE LOTE
RPT2A000|RPT2A005|PR41-RPT2A000|JOB|SIM|10|SIM|FORCE JOB|NAO|||SIM|05|10:30|14:30||DUMMY|DM-PR41-INIT|SEMESTRAL|CAL_MENSAL||RPT2A004-RPT2A005-JBODAT|"RPT2A004-RPT2A005-JBODAT -
RPT2A005-RPT2A006-JBODAT +"|CARGA DE DADOS MENSAIS
RPT2A000|RPT2A006|PR41-RPT2A000|JOB|SIM|10|SIM|FORCE JOB|SIM|LATESUB|TSO-P|NAO|05|10:30|14:30||DUMMY|DM-PR41-INIT|SEMESTRAL|CAL_MENSAL||RPT2A005-RPT2A006-JBODAT|"RPT2A005-RPT2A006-JBODAT -
RPT2A006-RPT2A007-JBODAT +"|PROCESSAMENTO DIARIO DE LOTE
RPT2A000|RPT2A007|PR41-RPT2A000|JOB|SIM|10|SIM|FORCE JOB|NAO|||NAO|05|10:30|14:30|Y|DUMMY|DM-PR41-INIT|SEMESTRAL|CAL_MENSAL|SIM; EVENTO: FORCE JOB; RPT2A000; AMBIENTE=MZ1|RPT2A006-RPT2A007-JBODAT|"RPT2A006-RPT2A007-JBODAT -
RPT2A007-RPT2A008-JBODAT +"|CARGA DE DADOS MENSAIS
RPT2A000|RPT2A008|PR41-RPT2A000|JOB|SIM|10|SIM|FORCE JOB|SIM|EXECTIME|OPER|NAO|05|10:30|14:30|Y|DUMMY|DM-PR41-INIT|SEMESTRAL|CAL_MENSAL|SIM; EVENTO: ADICIONA CONDIÇÃO; RPT2A000; AMBIENTE=MZ1|RPT2A007-RPT2A008-JBODAT|"RPT2A007-RPT2A008-JBODAT -
RPT2A008-RPT2A009-JBODAT +"|CARGA DE HISTORICO
RPT2A000|RPT2A009|PR41-RPT2A000|JOB|SIM|10|SIM|FORCE JOB|NAO|||SIM|05|10:30|14:30||DUMMY|DM-PR41-INIT|SEMESTRAL|CAL_MENSAL||RPT2A008-RPT2A009-JBODAT|"RPT2A008-RPT2A009-JBODAT -
RPT2A009-RPT2A010-JBODAT +"|PROCESSAMENTO DE ARQUIVOS
RPT2A000|RPT2A010|PR41-RPT2A000|JOB|SIM|10|SIM|FORCE JOB|NAO|||NAO|05|10:30|14:30||DUMMY|DM-PR41-INIT|SEMESTRAL|CAL_MENSAL||RPT2A009-RPT2A010-JBODAT|"RPT2A009-RPT2A010-JBODAT -
RPT2A010-RPT2A011-JBODAT +"|GERACAO DE RELATORIOS
RPT2A000|RPT2A011|PR41-RPT2A000|JOB|SIM|10|SIM|FORCE JOB|SIM|LATESUB|U-ECS|SIM|05|10:30|14:30||DUMMY|DM-PR41-INIT|SEMESTRAL|CAL_MENSAL|SIM; EVENTO: FORCE TABELA; RPT2A000; AMBIENTE=MZ1|RPT2A010-RPT2A011-JBODAT|"RPT2A010-RPT2A011-JBODAT -
RPT2A011-RPT2A012-JBODAT +"|GERACAO DE RELATORIOS
RPT2A000|RPT2A012|PR41-RPT2A000|JOB|SIM|10|SIM|FORCE JOB|SIM|EXECTIME|OPER|SIM|05|10:30|14:30||DUMMY|DM-PR41-INIT|SEMESTRAL|CAL_MENSAL|SIM; EVENTO: FORCE JOB; RPT2A000; AMBIENTE=MZ1|RPT2A011-RPT2A012-JBODAT|"RPT2A011-RPT2A012-JBODAT -
RPT2A012-RPT2A013-JBODAT +"|PROCESSAMENTO CONTABIL
RPT2A000|RPT2A013|PR41-RPT2A000|JOB|SIM|10|SIM|FORCE JOB|NAO|||NAO|05|10:30|14:30|Y|DUMMY|DM-PR41-INIT|SEMESTRAL|CAL_MENSAL|SIM; EVENTO: FORCE JOB; RPT2A000; AMBIENTE=MZ1|RPT2A012-RPT2A013-JBODAT|"RPT2A012-RPT2A013-JBODAT -
RPT2A013-RPT2A014-JBODAT +"|RECONCILIACAO BANCARIA
RPT2A000|RPT2A014|PR41-RPT2A000|JOB|SIM|10|SIM|FORCE JOB|NAO|||SIM|05|10:30|14:30||DUMMY|DM-PR41-INIT|SEMESTRAL|CAL_MENSAL||RPT2A013-RPT2A014-JBODAT|"RPT2A013-RPT2A014-JBODAT -
RPT2A014-RPT2A015-JBODAT +"|CARGA DE HISTORICO
RPT2A000|RPT2A015|PR41-RPT2A000|JOB|SIM|10|SIM|FORCE JOB|SIM|LATE|OPER|SIM|05|10:30|14:30||DUMMY|DM-PR41-INIT|SEMESTRAL|CAL_MENSAL||RPT2A014-RPT2A015-JBODAT|"RPT2A014-RPT2A015-JBODAT -
RPT2A015-RPT2A016-JBODAT +"|JOB DE INTERFACE
RPT2A000|RPT2A016|PR41-RPT2A000|JOB|SIM|10|SIM|FORCE JOB|SIM|EXECTIME|OPER|SIM|05|10:30|14:30||DUMMY|DM-PR41-INIT|SEMESTRAL|CAL_MENSAL||RPT2A015-RPT2A016-JBODAT|"RPT2A015-RPT2A016-JBODAT -
RPT2A016-RPT2A017-JBODAT +"|JOB DE INTERFACE
RPT2A000|RPT2A017|PR41-RPT2A000|JOB|SIM|10|SIM|FORCE JOB|NAO|||NAO|05|10:30|14:30|Y|DUMMY|DM-PR41-INIT|SEMESTRAL|CAL_MENSAL||RPT2A016-RPT2A017-JBODAT|"RPT2A016-RPT2A017-JBODAT -
RPT2A017-RPT2A018-JBODAT +"|RECONCILIACAO BANCARIA
RPT2A000|RPT2A018|PR41-RPT2A000|JOB|SIM|10|SIM|FORCE JOB|NAO|||NAO|05|10:30|14:30||DUMMY|DM-PR41-INIT|SEMESTRAL|CAL_MENSAL||RPT2A017-RPT2A018-JBODAT|RPT2A017-RPT2A018-JBODAT -|CARGA DE DADOS MENSAIS
BAT3H000|BAT3H000|PR12-BAT3H000|CYC|NAO|00|SIM|FORCE TABELA|NAO|||NAO|00|15:00|18:00|Y|MX.CTMR.PR12.SCHEFILE|CR-PR12-INIT|SEMESTRAL|CAL_TODOS|||BAT3H000-BAT3H001-JBODAT +|PROCESSAMENTO DE PAGAMENTOS
BAT3H000|BAT3H001|PR12-BAT3H000|CYC|NAO|00|SIM|FORCE TABELA|NAO|||SIM|00|15:00|18:00||MX.CTMR.PR12.SCHEFILE|CR-PR12-INIT|SEMESTRAL|CAL_TODOS||BAT3H000-BAT3H001-JBODAT|"BAT3H000-BAT3H001-JBODAT -
BAT3H001-BAT3H002-JBODAT +"|CARGA INCREMENTAL
BAT3H000|BAT3H002|PR12-BAT3H000|CYC|NAO|00|SIM|FORCE TABELA|SIM|EXECTIME|TSO-P|NAO|00|15:00|18:00||MX.CTMR.PR12.SCHEFILE|CR-PR12-INIT|SEMESTRAL|CAL_TODOS|SIM; EVENTO: FORCE JOB; BAT3H000; AMBIENTE=AL1|BAT3H001-BAT3H002-JBODAT|"BAT3H001-BAT3H002-JBODAT -
BAT3H002-BAT3H003-JBODAT +"|JOB DE INTERFACE
BAT3H000|BAT3H003|PR12-BAT3H000|CYC|NAO|00|SIM|FORCE TABELA|SIM|LATE|OPER|NAO|00|15:00|18:00||MX.CTMR.PR12.SCHEFILE|CR-PR12-INIT|SEMESTRAL|CAL_TODOS|SIM; EVENTO: FORCE JOB; BAT3H000; AMBIENTE=AL1|BAT3H002-BAT3H003-JBODAT|"BAT3H002-BAT3H003-JBODAT -
BAT3H003-BAT3H004-JBODAT +"|JOB DE INTERFACE
BAT3H000|BAT3H004|PR12-BAT3H000|CYC|NAO|00|SIM|FORCE TABELA|SIM|LATESUB|U-ECS|NAO|00|15:00|18:00||MX.CTMR.PR12.SCHEFILE|CR-PR12-INIT|SEMESTRAL|CAL_TODOS|SIM; EVENTO: FORCE JOB; BAT3H000; AMBIENTE=AL1|BAT3H003-BAT3H004-JBODAT|"BAT3H003-BAT3H004-JBODAT -
BAT3H004-BAT3H005-JBODAT +"|CARGA DE TABELAS DE PARAMETRO
BAT3H000|BAT3H005|PR12-BAT3H000|CYC|NAO|00|SIM|FORCE TABELA|NAO|||NAO|00|15:00|18:00||MX.CTMR.PR12.SCHEFILE|CR-PR12-INIT|SEMESTRAL|CAL_TODOS|SIM; EVENTO: ADICIONA CONDIÇÃO; BAT3H000; AMBIENTE=AL1|BAT3H004-BAT3H005-JBODAT|"BAT3H004-BAT3H005-JBODAT -
BAT3H005-BAT3H006-JBODAT +"|JOB DE RECONCILIACAO
BAT3H000|BAT3H006|PR12-BAT3H000|CYC|NAO|00|SIM|FORCE TABELA|NAO|||NAO|00|15:00|18:00||MX.CTMR.PR12.SCHEFILE|CR-PR12-INIT|SEMESTRAL|CAL_TODOS||BAT3H005-BAT3H006-JBODAT|"BAT3H005-BAT3H006-JBODAT -
BAT3H006-BAT3H007-JBODAT +"|PROCESSAMENTO DIARIO DE LOTE
BAT3H000|BAT3H007|PR12-BAT3H000|CYC|NAO|00|SIM|FORCE TABELA|SIM|LATESUB|OPER|NAO|00|15:00|18:00||MX.CTMR.PR12.SCHEFILE|CR-PR12-INIT|SEMESTRAL|CAL_TODOS||BAT3H006-BAT3H007-JBODAT|"BAT3H006-BAT3H007-JBODAT -
BAT3H007-BAT3H008-JBODAT +"|CARGA DE DADOS MENSAIS
BAT3H000|BAT3H008|PR12-BAT3H000|CYC|NAO|00|SIM|FORCE TABELA|SIM|EXECTIME|TSO-P|SIM|00|15:00|18:00||MX.CTMR.PR12.SCHEFILE|CR-PR12-INIT|SEMESTRAL|CAL_TODOS|SIM; EVENTO: ADICIONA CONDIÇÃO; BAT3H000; AMBIENTE=AL1|BAT3H007-BAT3H008-JBODAT|"BAT3H007-BAT3H008-JBODAT -
BAT3H008-BAT3H009-JBODAT +"|GERACAO DE RELATORIOS
BAT3H000|BAT3H009|PR12-BAT3H000|CYC|NAO|00|SIM|FORCE TABELA|NAO|||NAO|00|15:00|18:00||MX.CTMR.PR12.SCHEFILE|CR-PR12-INIT|SEMESTRAL|CAL_TODOS||BAT3H008-BAT3H009-JBODAT|"BAT3H008-BAT3H009-JBODAT -
BAT3H009-BAT3H010-JBODAT +"|PROCESSAMENTO FINANCEIRO
BAT3H000|BAT3H010|PR12-BAT3H000|CYC|NAO|00|SIM|FORCE TABELA|NAO|||SIM|00|15:00|18:00||MX.CTMR.PR12.SCHEFILE|CR-PR12-INIT|SEMESTRAL|CAL_TODOS||BAT3H009-BAT3H010-JBODAT|"BAT3H009-BAT3H010-JBODAT -
BAT3H010-BAT3H011-JBODAT +"|GERACAO DE EXTRATOS
BAT3H000|BAT3H011|PR12-BAT3H000|CYC|NAO|00|SIM|FORCE TABELA|SIM|EXECTIME|TSO-P|NAO|00|15:00|18:00||MX.CTMR.PR12.SCHEFILE|CR-PR12-INIT|SEMESTRAL|CAL_TODOS||BAT3H010-BAT3H011-JBODAT|"BAT3H010-BAT3H011-JBODAT -
BAT3H011-BAT3H012-JBODAT +"|GERACAO DE RELATORIOS
BAT3H000|BAT3H012|PR12-BAT3H000|CYC|NAO|00|SIM|FORCE TABELA|SIM|LATE|U-ECS|NAO|00|15:00|18:00||MX.CTMR.PR12.SCHEFILE|CR-PR12-INIT|SEMESTRAL|CAL_TODOS||BAT3H011-BAT3H012-JBODAT|"BAT3H011-BAT3H012-JBODAT -
BAT3H012-BAT3H013-JBODAT +"|PROCESSAMENTO DE PAGAMENTOS
BAT3H000|BAT3H013|PR12-BAT3H000|CYC|NAO|00|SIM|FORCE TABELA|NAO|||SIM|00|15:00|18:00||MX.CTMR.PR12.SCHEFILE|CR-PR12-INIT|SEMESTRAL|CAL_TODOS||BAT3H012-BAT3H013-JBODAT|"BAT3H012-BAT3H013-JBODAT -
BAT3H013-BAT3H014-JBODAT +"|CARGA INCREMENTAL
BAT3H000|BAT3H014|PR12-BAT3H000|CYC|NAO|00|SIM|FORCE TABELA|NAO|||NAO|00|15:00|18:00||MX.CTMR.PR12.SCHEFILE|CR-PR12-INIT|SEMESTRAL|CAL_TODOS||BAT3H013-BAT3H014-JBODAT|"BAT3H013-BAT3H014-JBODAT -
BAT3H014-BAT3H015-JBODAT +"|RECONCILIACAO BANCARIA
BAT3H000|BAT3H015|PR12-BAT3H000|CYC|NAO|00|SIM|FORCE TABELA|SIM|LATESUB|TSO-P|SIM|00|15:00|18:00||MX.CTMR.PR12.SCHEFILE|CR-PR12-INIT|SEMESTRAL|CAL_TODOS||BAT3H014-BAT3H015-JBODAT|"BAT3H014-BAT3H015-JBODAT -
BAT3H015-BAT3H016-JBODAT +"|CARGA INCREMENTAL
BAT3H000|BAT3H016|PR12-BAT3H000|CYC|NAO|00|SIM|FORCE TABELA|NAO|||NAO|00|15:00|18:00||MX.CTMR.PR12.SCHEFILE|CR-PR12-INIT|SEMESTRAL|CAL_TODOS||BAT3H015-BAT3H016-JBODAT|"BAT3H015-BAT3H016-JBODAT -
BAT3H016-BAT3H017-JBODAT +"|JOB DE INTERFACE
BAT3H000|BAT3H017|PR12-BAT3H000|CYC|NAO|00|SIM|FORCE TABELA|SIM|LATE|OPER|SIM|00|15:00|18:00||MX.CTMR.PR12.SCHEFILE|CR-PR12-INIT|SEMESTRAL|CAL_TODOS||BAT3H016-BAT3H017-JBODAT|BAT3H016-BAT3H017-JBODAT -|JOB DE INTERFACE
SCH4D000|SCH4D000|PR12-SCH4D000|JOB|NAO|00|SIM|FORCE JOB|SIM|LATE|U-ECS|NAO|05|07:45|10:30||DUMMY|DM-PR12-INIT|A PEDIDO|CAL_MENSAL|||SCH4D000-SCH4D001-JBODAT +|PROCESSAMENTO DE ARQUIVOS
SCH4D000|SCH4D001|PR12-SCH4D000|JOB|NAO|00|SIM|FORCE JOB|NAO|||SIM|05|07:45|10:30||DUMMY|DM-PR12-INIT|A PEDIDO|CAL_MENSAL|SIM; EVENTO: ADICIONA CONDIÇÃO; SCH4D000; AMBIENTE=MZ1|SCH4D000-SCH4D001-JBODAT|"SCH4D000-SCH4D001-JBODAT -
SCH4D001-SCH4D002-JBODAT +"|PROCESSAMENTO DE ARQUIVOS
SCH4D000|SCH4D002|PR12-SCH4D000|JOB|NAO|00|SIM|FORCE JOB|NAO|||SIM|05|07:45|10:30||DUMMY|DM-PR12-INIT|A PEDIDO|CAL_MENSAL||SCH4D001-SCH4D002-JBODAT|"SCH4D001-SCH4D002-JBODAT -
SCH4D002-SCH4D003-JBODAT +"|CARGA DE DADOS MENSAIS
SCH4D000|SCH4D003|PR12-SCH4D000|JOB|NAO|00|SIM|FORCE JOB|SIM|LATE|OPER|NAO|05|07:45|10:30||DUMMY|DM-PR12-INIT|A PEDIDO|CAL_MENSAL|SIM; EVENTO: FORCE TABELA; SCH4D000; AMBIENTE=MZ1|SCH4D002-SCH4D003-JBODAT|"SCH4D002-SCH4D003-JBODAT -
SCH4D003-SCH4D004-JBODAT +"|GERACAO DE RELATORIOS
SCH4D000|SCH4D004|PR12-SCH4D000|JOB|NAO|00|SIM|FORCE JOB|NAO|||NAO|05|07:45|10:30||DUMMY|DM-PR12-INIT|A PEDIDO|CAL_MENSAL|SIM; EVENTO: FORCE JOB; SCH4D000; AMBIENTE=MZ1|SCH4D003-SCH4D004-JBODAT|"SCH4D003-SCH4D004-JBODAT -
SCH4D004-SCH4D005-JBODAT +"|CARGA DE TABELAS DE PARAMETRO
SCH4D000|SCH4D005|PR12-SCH4D000|JOB|NAO|00|SIM|FORCE JOB|SIM|EXECTIME|OPER|SIM|05|07:45|10:30||DUMMY|DM-PR12-INIT|A PEDIDO|CAL_MENSAL||SCH4D004-SCH4D005-JBODAT|"SCH4D004-SCH4D005-JBODAT -
SCH4D005-SCH4D006-JBODAT +"|PROCESSAMENTO DE PAGAMENTOS
SCH4D000|SCH4D006|PR12-SCH4D000|JOB|NAO|00|SIM|FORCE JOB|SIM|LATE|U-ECS|SIM|05|07:45|10:30||DUMMY|DM-PR12-INIT|A PEDIDO|CAL_MENSAL||SCH4D005-SCH4D006-JBODAT|"SCH4D005-SCH4D006-JBODAT -
SCH4D006-SCH4D007-JBODAT +"|PROCESSAMENTO CONTABIL
SCH4D000|SCH4D007|PR12-SCH4D000|JOB|NAO|00|SIM|FORCE JOB|NAO|||SIM|05|07:45|10:30||DUMMY|DM-PR12-INIT|A PEDIDO|CAL_MENSAL||SCH4D006-SCH4D007-JBODAT|"SCH4D006-SCH4D007-JBODAT -
SCH4D007-SCH4D008-JBODAT +"|GERACAO DE RELATORIOS
SCH4D000|SCH4D008|PR12-SCH4D000|JOB|NAO|00|SIM|FORCE JOB|SIM|EXECTIME|TSO-P|NAO|05|07:45|10:30||DUMMY|DM-PR12-INIT|A PEDIDO|CAL_MENSAL|SIM; EVENTO: FORCE JOB; SCH4D000; AMBIENTE=MZ1|SCH4D007-SCH4D008-JBODAT|"SCH4D007-SCH4D008-JBODAT -
SCH4D008-SCH4D009-JBODAT +"|RECONCILIACAO BANCARIA
SCH4D000|SCH4D009|PR12-SCH4D000|JOB|NAO|00|SIM|FORCE JOB|NAO|||NAO|05|07:45|10:30||DUMMY|DM-PR12-INIT|A PEDIDO|CAL_MENSAL|SIM; EVENTO: FORCE JOB; SCH4D000; AMBIENTE=MZ1|SCH4D008-SCH4D009-JBODAT|"SCH4D008-SCH4D009-JBODAT -
SCH4D009-SCH4D010-JBODAT +"|JOB DE INTERFACE
SCH4D000|SCH4D010|PR12-SCH4D000|JOB|NAO|00|SIM|FORCE JOB|NAO|||SIM|05|07:45|10:30||DUMMY|DM-PR12-INIT|A PEDIDO|CAL_MENSAL||SCH4D009-SCH4D010-JBODAT|"SCH4D009-SCH4D010-JBODAT -
SCH4D010-SCH4D011-JBODAT +"|CARGA DE TABELAS DE PARAMETRO
SCH4D000|SCH4D011|PR12-SCH4D000|JOB|NAO|00|SIM|FORCE JOB|NAO|||NAO|05|07:45|10:30|Y|DUMMY|DM-PR12-INIT|A PEDIDO|CAL_MENSAL||SCH4D010-SCH4D011-JBODAT|"SCH4D010-SCH4D011-JBODAT -
SCH4D011-SCH4D012-JBODAT +"|JOB DE BACKUP
SCH4D000|SCH4D012|PR12-SCH4D000|JOB|NAO|00|SIM|FORCE JOB|NAO|||SIM|05|07:45|10:30||DUMMY|DM-PR12-INIT|A PEDIDO|CAL_MENSAL||SCH4D011-SCH4D012-JBODAT|"SCH4D011-SCH4D012-JBODAT -
SCH4D012-SCH4D013-JBODAT +"|RECONCILIACAO BANCARIA
SCH4D000|SCH4D013|PR12-SCH4D000|JOB|NAO|00|SIM|FORCE JOB|SIM|LATESUB|U-ECS|NAO|05|07:45|10:30||DUMMY|DM-PR12-INIT|A PEDIDO|CAL_MENSAL||SCH4D012-SCH4D013-JBODAT|"SCH4D012-SCH4D013-JBODAT -
SCH4D013-SCH4D014-JBODAT +"|CARGA DE HISTORICO
SCH4D000|SCH4D014|PR12-SCH4D000|JOB|NAO|00|SIM|FORCE JOB|SIM|LATESUB|TSO-P|SIM|05|07:45|10:30||DUMMY|DM-PR12-INIT|A PEDIDO|CAL_MENSAL||SCH4D013-SCH4D014-JBODAT|"SCH4D013-SCH4D014-JBODAT -
SCH4D014-SCH4D015-JBODAT +"|PROCESSAMENTO DE PAGAMENTOS
SCH4D000|SCH4D015|PR12-SCH4D000|JOB|NAO|00|SIM|FORCE JOB|SIM|LATESUB|OPER|SIM|05|07:45|10:30||DUMMY|DM-PR12-INIT|A PEDIDO|CAL_MENSAL||SCH4D014-SCH4D015-JBODAT|"SCH4D014-SCH4D015-JBODAT -
SCH4D015-SCH4D016-JBODAT +"|CARGA DE TABELAS DE PARAMETRO
SCH4D000|SCH4D016|PR12-SCH4D000|JOB|NAO|00|SIM|FORCE JOB|NAO|||SIM|05|07:45|10:30|Y|DUMMY|DM-PR12-INIT|A PEDIDO|CAL_MENSAL|SIM; EVENTO: ADICIONA CONDIÇÃO; SCH4D000; AMBIENTE=MZ1|SCH4D015-SCH4D016-JBODAT|"SCH4D015-SCH4D016-JBODAT -
SCH4D016-SCH4D017-JBODAT +"|JOB DE BACKUP
SCH4D000|SCH4D017|PR12-SCH4D000|JOB|NAO|00|SIM|FORCE JOB|SIM|EXECTIME|OPER|NAO|05|07:45|10:30||DUMMY|DM-PR12-INIT|A PEDIDO|CAL_MENSAL||SCH4D016-SCH4D017-JBODAT|"SCH4D016-SCH4D017-JBODAT -
SCH4D017-SCH4D018-JBODAT +"|JOB DE INTERFACE
SCH4D000|SCH4D018|PR12-SCH4D000|JOB|NAO|00|SIM|FORCE JOB|SIM|LATE|TSO-P|NAO|05|07:45|10:30||DUMMY|DM-PR12-INIT|A PEDIDO|CAL_MENSAL||SCH4D017-SCH4D018-JBODAT|SCH4D017-SCH4D018-JBODAT -|CARGA DE DADOS MENSAIS
CONC5000|CONC5000|PR41-CONC5000|JOB|SIM|16|NAO||NAO|||NAO|05|06:30|07:45||DUMMY|DM-PR41-INIT|DIARIO|CAL_SEMANAL|||CONC5000-CONC5001-JBODAT +|CARGA DE DADOS MENSAIS
CONC5000|CONC5001|PR41-CONC5000|JOB|SIM|16|NAO||SIM|LATE|OPER|NAO|05|06:30|07:45||DUMMY|DM-PR41-INIT|DIARIO|CAL_SEMANAL|SIM; EVENTO: FORCE TABELA; CONC5000; AMBIENTE=MZ1|CONC5000-CONC5001-JBODAT|"CONC5000-CONC5001-JBODAT -
CONC5001-CONC5002-JBODAT +"|PROCESSAMENTO DE PAGAMENTOS
CONC5000|CONC5002|PR41-CONC5000|JOB|SIM|16|NAO||NAO|||NAO|05|06:30|07:45||DUMMY|DM-PR41-INIT|DIARIO|CAL_SEMANAL|SIM; EVENTO: FORCE TABELA; CONC5000; AMBIENTE=MZ1|CONC5001-CONC5002-JBODAT|"CONC5001-CONC5002-JBODAT -
CONC5002-CONC5003-JBODAT +"|PROCESSAMENTO DIARIO DE LOTE
CONC5000|CONC5003|PR41-CONC5000|JOB|SIM|16|NAO||NAO|||NAO|05|06:30|07:45|Y|DUMMY|DM-PR41-INIT|DIARIO|CAL_SEMANAL|SIM; EVENTO: ADICIONA CONDIÇÃO; CONC5000; AMBIENTE=MZ1|CONC5002-CONC5003-JBODAT|"CONC5002-CONC5003-JBODAT -
CONC5003-CONC5004-JBODAT +"|JOB DE RECONCILIACAO
CONC5000|CONC5004|PR41-CONC5000|JOB|SIM|16|NAO||NAO|||NAO|05|06:30|07:45||DUMMY|DM-PR41-INIT|DIARIO|CAL_SEMANAL||CONC5003-CONC5004-JBODAT|"CONC5003-CONC5004-JBODAT -
CONC5004-CONC5005-JBODAT +"|RECONCILIACAO BANCARIA
CONC5000|CONC5005|PR41-CONC5000|JOB|SIM|16|NAO||NAO|||SIM|05|06:30|07:45||DUMMY|DM-PR41-INIT|DIARIO|CAL_SEMANAL||CONC5004-CONC5005-JBODAT|"CONC5004-CONC5005-JBODAT -
CONC5005-CONC5006-JBODAT +"|JOB DE INTERFACE
CONC5000|CONC5006|PR41-CONC5000|JOB|SIM|16|NAO||NAO|||NAO|05|06:30|07:45||DUMMY|DM-PR41-INIT|DIARIO|CAL_SEMANAL|SIM; EVENTO: ADICIONA CONDIÇÃO; CONC5000; AMBIENTE=MZ1|CONC5005-CONC5006-JBODAT|CONC5005-CONC5006-JBODAT -|CARGA INCREMENTAL
PAYM6000|PAYM6000|PR21-PAYM6000|CYC|SIM|13|SIM|ADICIONA CONDIÇÃO|SIM|LATE|OPER|SIM|00|20:30|21:45||MX.JCLFILE|NC-PR21-INIT|MENSAL|CAL_TODOS|||PAYM6000-PAYM6001-JBODAT +|PROCESSAMENTO DIARIO DE LOTE
PAYM6000|PAYM6001|PR21-PAYM6000|CYC|SIM|13|SIM|ADICIONA CONDIÇÃO|SIM|LATE|OPER|SIM|00|20:30|21:45||MX.JCLFILE|NC-PR21-INIT|MENSAL|CAL_TODOS|SIM; EVENTO: ADICIONA CONDIÇÃO; PAYM6000; AMBIENTE=MZ1|PAYM6000-PAYM6001-JBODAT|"PAYM6000-PAYM6001-JBODAT -
PAYM6001-PAYM6002-JBODAT +"|PROCESSAMENTO FINANCEIRO
PAYM6000|PAYM6002|PR21-PAYM6000|CYC|SIM|13|SIM|ADICIONA CONDIÇÃO|SIM|EXECTIME|TSO-P|SIM|00|20:30|21:45||MX.JCLFILE|NC-PR21-INIT|MENSAL|CAL_TODOS||PAYM6001-PAYM6002-JBODAT|"PAYM6001-PAYM6002-JBODAT -
PAYM6002-PAYM6003-JBODAT +"|GERACAO DE RELATORIOS
PAYM6000|PAYM6003|PR21-PAYM6000|CYC|SIM|13|SIM|ADICIONA CONDIÇÃO|SIM|EXECTIME|U-ECS|NAO|00|20:30|21:45||MX.JCLFILE|NC-PR21-INIT|MENSAL|CAL_TODOS|SIM; EVENTO: FORCE TABELA; PAYM6000; AMBIENTE=MZ1|PAYM6002-PAYM6003-JBODAT|"PAYM6002-PAYM6003-JBODAT -
PAYM6003-PAYM6004-JBODAT +"|JOB DE RECONCILIACAO
PAYM6000|PAYM6004|PR21-PAYM6000|CYC|SIM|13|SIM|ADICIONA CONDIÇÃO|SIM|LATE|OPER|NAO|00|20:30|21:45|Y|MX.JCLFILE|NC-PR21-INIT|MENSAL|CAL_TODOS|SIM; EVENTO: FORCE TABELA; PAYM6000; AMBIENTE=MZ1|PAYM6003-PAYM6004-JBODAT|"PAYM6003-PAYM6004-JBODAT -
PAYM6004-PAYM6005-JBODAT +"|RECONCILIACAO BANCARIA
PAYM6000|PAYM6005|PR21-PAYM6000|CYC|SIM|13|SIM|ADICIONA CONDIÇÃO|NAO|||SIM|00|20:30|21:45||MX.JCLFILE|NC-PR21-INIT|MENSAL|CAL_TODOS||PAYM6004-PAYM6005-JBODAT|"PAYM6004-PAYM6005-JBODAT -
PAYM6005-PAYM6006-JBODAT +"|CARGA DE HISTORICO
PAYM6000|PAYM6006|PR21-PAYM6000|CYC|SIM|13|SIM|ADICIONA CONDIÇÃO|NAO|||SIM|00|20:30|21:45||MX.JCLFILE|NC-PR21-INIT|MENSAL|CAL_TODOS|SIM; EVENTO: ADICIONA CONDIÇÃO; PAYM6000; AMBIENTE=MZ1|PAYM6005-PAYM6006-JBODAT|"PAYM6005-PAYM6006-JBODAT -
PAYM6006-PAYM6007-JBODAT +"|PROCESSAMENTO DIARIO DE LOTE
PAYM6000|PAYM6007|PR21-PAYM6000|CYC|SIM|13|SIM|ADICIONA CONDIÇÃO|NAO|||NAO|00|20:30|21:45||MX.JCLFILE|NC-PR21-INIT|MENSAL|CAL_TODOS|SIM; EVENTO: FORCE JOB; PAYM6000; AMBIENTE=MZ1|PAYM6006-PAYM6007-JBODAT|"PAYM6006-PAYM6007-JBODAT -
PAYM6007-PAYM6008-JBODAT +"|JOB DE INTERFACE
PAYM6000|PAYM6008|PR21-PAYM6000|CYC|SIM|13|SIM|ADICIONA CONDIÇÃO|NAO|||NAO|00|20:30|21:45||MX.JCLFILE|NC-PR21-INIT|MENSAL|CAL_TODOS||PAYM6007-PAYM6008-JBODAT|"PAYM6007-PAYM6008-JBODAT -
PAYM6008-PAYM6009-JBODAT +"|PROCESSAMENTO DE ARQUIVOS
PAYM6000|PAYM6009|PR21-PAYM6000|CYC|SIM|13|SIM|ADICIONA CONDIÇÃO|NAO|||SIM|00|20:30|21:45||MX.JCLFILE|NC-PR21-INIT|MENSAL|CAL_TODOS||PAYM6008-PAYM6009-JBODAT|"PAYM6008-PAYM6009-JBODAT -
PAYM6009-PAYM6010-JBODAT +"|JOB DE RECONCILIACAO
PAYM6000|PAYM6010|PR21-PAYM6000|CYC|SIM|13|SIM|ADICIONA CONDIÇÃO|SIM|EXECTIME|TSO-P|NAO|00|20:30|21:45||MX.JCLFILE|NC-PR21-INIT|MENSAL|CAL_TODOS||PAYM6009-PAYM6010-JBODAT|"PAYM6009-PAYM6010-JBODAT -
PAYM6010-PAYM6011-JBODAT +"|GERACAO DE RELATORIOS
PAYM6000|PAYM6011|PR21-PAYM6000|CYC|SIM|13|SIM|ADICIONA CONDIÇÃO|NAO|||NAO|00|20:30|21:45|Y|MX.JCLFILE|NC-PR21-INIT|MENSAL|CAL_TODOS||PAYM6010-PAYM6011-JBODAT|"PAYM6010-PAYM6011-JBODAT -
PAYM6011-PAYM6012-JBODAT +"|JOB DE INTERFACE
PAYM6000|PAYM6012|PR21-PAYM6000|CYC|SIM|13|SIM|ADICIONA CONDIÇÃO|SIM|LATE|TSO-P|SIM|00|20:30|21:45||MX.JCLFILE|NC-PR21-INIT|MENSAL|CAL_TODOS||PAYM6011-PAYM6012-JBODAT|"PAYM6011-PAYM6012-JBODAT -
PAYM6012-PAYM6013-JBODAT +"|JOB DE BACKUP
PAYM6000|PAYM6013|PR21-PAYM6000|CYC|SIM|13|SIM|ADICIONA CONDIÇÃO|NAO|||SIM|00|20:30|21:45||MX.JCLFILE|NC-PR21-INIT|MENSAL|CAL_TODOS||PAYM6012-PAYM6013-JBODAT|"PAYM6012-PAYM6013-JBODAT -
PAYM6013-PAYM6014-JBODAT +"|GERACAO DE RELATORIOS
PAYM6000|PAYM6014|PR21-PAYM6000|CYC|SIM|13|SIM|ADICIONA CONDIÇÃO|NAO|||SIM|00|20:30|21:45||MX.JCLFILE|NC-PR21-INIT|MENSAL|CAL_TODOS||PAYM6013-PAYM6014-JBODAT|"PAYM6013-PAYM6014-JBODAT -
PAYM6014-PAYM6015-JBODAT +"|CARGA DE DADOS MENSAIS
PAYM6000|PAYM6015|PR21-PAYM6000|CYC|SIM|13|SIM|ADICIONA CONDIÇÃO|SIM|EXECTIME|TSO-P|SIM|00|20:30|21:45||MX.JCLFILE|NC-PR21-INIT|MENSAL|CAL_TODOS||PAYM6014-PAYM6015-JBODAT|"PAYM6014-PAYM6015-JBODAT -
PAYM6015-PAYM6016-JBODAT +"|JOB DE RECONCILIACAO
PAYM6000|PAYM6016|PR21-PAYM6000|CYC|SIM|13|SIM|ADICIONA CONDIÇÃO|SIM|LATESUB|U-ECS|NAO|00|20:30|21:45||MX.JCLFILE|NC-PR21-INIT|MENSAL|CAL_TODOS||PAYM6015-PAYM6016-JBODAT|"PAYM6015-PAYM6016-JBODAT -
PAYM6016-PAYM6017-JBODAT +"|JOB DE INTERFACE
PAYM6000|PAYM6017|PR21-PAYM6000|CYC|SIM|13|SIM|ADICIONA CONDIÇÃO|NAO|||SIM|00|20:30|21:45||MX.JCLFILE|NC-PR21-INIT|MENSAL|CAL_TODOS||PAYM6016-PAYM6017-JBODAT|"PAYM6016-PAYM6017-JBODAT -
PAYM6017-PAYM6018-JBODAT +"|CARGA INCREMENTAL
PAYM6000|PAYM6018|PR21-PAYM6000|CYC|SIM|13|SIM|ADICIONA CONDIÇÃO|SIM|LATESUB|U-ECS|SIM|00|20:30|21:45|Y|MX.JCLFILE|NC-PR21-INIT|MENSAL|CAL_TODOS||PAYM6017-PAYM6018-JBODAT|PAYM6017-PAYM6018-JBODAT -|JOB DE INTERFACE
HIST7000|HIST7000|PR12-HIST7000|CYC|SIM|10|SIM|FORCE JOB|NAO|||NAO|00|18:00|21:00||MX.CTMR.PR12.SCHEFILE|CR-PR12-INIT|A PEDIDO|CAL_TODOS|SIM; EVENTO: FORCE TABELA; HIST7000; AMBIENTE=AL1||HIST7000-HIST7001-JBODAT +|CARGA DE TABELAS DE PARAMETRO
HIST7000|HIST7001|PR12-HIST7000|CYC|SIM|10|SIM|FORCE JOB|NAO|||SIM|00|18:00|21:00|Y|MX.CTMR.PR12.SCHEFILE|CR-PR12-INIT|A PEDIDO|CAL_TODOS||HIST7000-HIST7001-JBODAT|"HIST7000-HIST7001-JBODAT -
HIST7001-HIST7002-JBODAT +"|PROCESSAMENTO DIARIO DE LOTE
HIST7000|HIST7002|PR12-HIST7000|CYC|SIM|10|SIM|FORCE JOB|SIM|LATESUB|U-ECS|SIM|00|18:00|21:00||MX.CTMR.PR12.SCHEFILE|CR-PR12-INIT|A PEDIDO|CAL_TODOS||HIST7001-HIST7002-JBODAT|"HIST7001-HIST7002-JBODAT -
HIST7002-HIST7003-JBODAT +"|JOB DE RECONCILIACAO
HIST7000|HIST7003|PR12-HIST7000|CYC|SIM|10|SIM|FORCE JOB|NAO|||NAO|00|18:00|21:00||MX.CTMR.PR12.SCHEFILE|CR-PR12-INIT|A PEDIDO|CAL_TODOS||HIST7002-HIST7003-JBODAT|"HIST7002-HIST7003-JBODAT -
HIST7003-HIST7004-JBODAT +"|CARGA DE TABELAS DE PARAMETRO
HIST7000|HIST7004|PR12-HIST7000|CYC|SIM|10|SIM|FORCE JOB|SIM|EXECTIME|OPER|SIM|00|18:00|21:00||MX.CTMR.PR12.SCHEFILE|CR-PR12-INIT|A PEDIDO|CAL_TODOS|SIM; EVENTO: FORCE TABELA; HIST7000; AMBIENTE=AL1|HIST7003-HIST7004-JBODAT|"HIST7003-HIST7004-JBODAT -
HIST7004-HIST7005-JBODAT +"|GERACAO DE RELATORIOS
HIST7000|HIST7005|PR12-HIST7000|CYC|SIM|10|SIM|FORCE JOB|NAO|||NAO|00|18:00|21:00||MX.CTMR.PR12.SCHEFILE|CR-PR12-INIT|A PEDIDO|CAL_TODOS||HIST7004-HIST7005-JBODAT|"HIST7004-HIST7005-JBODAT -
HIST7005-HIST7006-JBODAT +"|GERACAO DE RELATORIOS
HIST7000|HIST7006|PR12-HIST7000|CYC|SIM|10|SIM|FORCE JOB|SIM|LATESUB|OPER|NAO|00|18:00|21:00||MX.CTMR.PR12.SCHEFILE|CR-PR12-INIT|A PEDIDO|CAL_TODOS|SIM; EVENTO: ADICIONA CONDIÇÃO; HIST7000; AMBIENTE=AL1|HIST7005-HIST7006-JBODAT|"HIST7005-HIST7006-JBODAT -
HIST7006-HIST7007-JBODAT +"|CARGA DE TABELAS DE PARAMETRO
HIST7000|HIST7007|PR12-HIST7000|CYC|SIM|10|SIM|FORCE JOB|NAO|||NAO|00|18:00|21:00|Y|MX.CTMR.PR12.SCHEFILE|CR-PR12-INIT|A PEDIDO|CAL_TODOS||HIST7006-HIST7007-JBODAT|"HIST7006-HIST7007-JBODAT -
HIST7007-HIST7008-JBODAT +"|CARGA DE TABELAS DE PARAMETRO
HIST7000|HIST7008|PR12-HIST7000|CYC|SIM|10|SIM|FORCE JOB|SIM|EXECTIME|OPER|NAO|00|18:00|21:00||MX.CTMR.PR12.SCHEFILE|CR-PR12-INIT|A PEDIDO|CAL_TODOS||HIST7007-HIST7008-JBODAT|"HIST7007-HIST7008-JBODAT -
HIST7008-HIST7009-JBODAT +"|CARGA DE HISTORICO
HIST7000|HIST7009|PR12-HIST7000|CYC|SIM|10|SIM|FORCE JOB|NAO|||NAO|00|18:00|21:00||MX.CTMR.PR12.SCHEFILE|CR-PR12-INIT|A PEDIDO|CAL_TODOS|SIM; EVENTO: ADICIONA CONDIÇÃO; HIST7000; AMBIENTE=AL1|HIST7008-HIST7009-JBODAT|"HIST7008-HIST7009-JBODAT -
HIST7009-HIST7010-JBODAT +"|JOB DE BACKUP
HIST7000|HIST7010|PR12-HIST7000|CYC|SIM|10|SIM|FORCE JOB|SIM|EXECTIME|TSO-P|SIM|00|18:00|21:00||MX.CTMR.PR12.SCHEFILE|CR-PR12-INIT|A PEDIDO|CAL_TODOS||HIST7009-HIST7010-JBODAT|"HIST7009-HIST7010-JBODAT -
HIST7010-HIST7011-JBODAT +"|CARGA DE HISTORICO
HIST7000|HIST7011|PR12-HIST7000|CYC|SIM|10|SIM|FORCE JOB|NAO|||SIM|00|18:00|21:00||MX.CTMR.PR12.SCHEFILE|CR-PR12-INIT|A PEDIDO|CAL_TODOS||HIST7010-HIST7011-JBODAT|"HIST7010-HIST7011-JBODAT -
HIST7011-HIST7012-JBODAT +"|JOB DE BACKUP
HIST7000|HIST7012|PR12-HIST7000|CYC|SIM|10|SIM|FORCE JOB|SIM|LATE|OPER|NAO|00|18:00|21:00||MX.CTMR.PR12.SCHEFILE|CR-PR12-INIT|A PEDIDO|CAL_TODOS||HIST7011-HIST7012-JBODAT|"HIST7011-HIST7012-JBODAT -
HIST7012-HIST7013-JBODAT +"|RECONCILIACAO BANCARIA
HIST7000|HIST7013|PR12-HIST7000|CYC|SIM|10|SIM|FORCE JOB|NAO|||NAO|00|18:00|21:00|Y|MX.CTMR.PR12.SCHEFILE|CR-PR12-INIT|A PEDIDO|CAL_TODOS|SIM; EVENTO: FORCE JOB; HIST7000; AMBIENTE=AL1|HIST7012-HIST7013-JBODAT|"HIST7012-HIST7013-JBODAT -
HIST7013-HIST7014-JBODAT +"|JOB DE RECONCILIACAO
HIST7000|HIST7014|PR12-HIST7000|CYC|SIM|10|SIM|FORCE JOB|NAO|||NAO|00|18:00|21:00|Y|MX.CTMR.PR12.SCHEFILE|CR-PR12-INIT|A PEDIDO|CAL_TODOS||HIST7013-HIST7014-JBODAT|"HIST7013-HIST7014-JBODAT -
HIST7014-HIST7015-JBODAT +"|PROCESSAMENTO FINANCEIRO
HIST7000|HIST7015|PR12-HIST7000|CYC|SIM|10|SIM|FORCE JOB|NAO|||NAO|00|18:00|21:00||MX.CTMR.PR12.SCHEFILE|CR-PR12-INIT|A PEDIDO|CAL_TODOS||HIST7014-HIST7015-JBODAT|HIST7014-HIST7015-JBODAT -|GERACAO DE RELATORIOS
INTR8000|INTR8000|PR31-INTR8000|CYC|SIM|01|SIM|ADICIONA CONDIÇÃO|SIM|LATE|OPER|SIM|00|20:30|23:15||MX.JCLFILE|NC-PR31-INIT|TRIMESTRAL|CAL_MENSAL|||INTR8000-INTR8001-JBODAT +|PROCESSAMENTO DE PAGAMENTOS
INTR8000|INTR8001|PR31-INTR8000|CYC|SIM|01|SIM|ADICIONA CONDIÇÃO|SIM|EXECTIME|U-ECS|NAO|00|20:30|23:15||MX.JCLFILE|NC-PR31-INIT|TRIMESTRAL|CAL_MENSAL||INTR8000-INTR8001-JBODAT|"INTR8000-INTR8001-JBODAT -
INTR8001-INTR8002-JBODAT +"|CARGA DE TABELAS DE PARAMETRO
INTR8000|INTR8002|PR31-INTR8000|CYC|SIM|01|SIM|ADICIONA CONDIÇÃO|NAO|||NAO|00|20:30|23:15||MX.JCLFILE|NC-PR31-INIT|TRIMESTRAL|CAL_MENSAL||INTR8001-INTR8002-JBODAT|"INTR8001-INTR8002-JBODAT -
INTR8002-INTR8003-JBODAT +"|JOB DE RECONCILIACAO
INTR8000|INTR8003|PR31-INTR8000|CYC|SIM|01|SIM|ADICIONA CONDIÇÃO|NAO|||SIM|00|20:30|23:15||MX.JCLFILE|NC-PR31-INIT|TRIMESTRAL|CAL_MENSAL||INTR8002-INTR8003-JBODAT|"INTR8002-INTR8003-JBODAT -
INTR8003-INTR8004-JBODAT +"|CARGA DE HISTORICO
INTR8000|INTR8004|PR31-INTR8000|CYC|SIM|01|SIM|ADICIONA CONDIÇÃO|NAO|||SIM|00|20:30|23:15||MX.JCLFILE|NC-PR31-INIT|TRIMESTRAL|CAL_MENSAL|SIM; EVENTO: FORCE JOB; INTR8000; AMBIENTE=AL1|INTR8003-INTR8004-JBODAT|"INTR8003-INTR8004-JBODAT -
INTR8004-INTR8005-JBODAT +"|PROCESSAMENTO CONTABIL
INTR8000|INTR8005|PR31-INTR8000|CYC|SIM|01|SIM|ADICIONA CONDIÇÃO|SIM|EXECTIME|TSO-P|NAO|00|20:30|23:15|Y|MX.JCLFILE|NC-PR31-INIT|TRIMESTRAL|CAL_MENSAL||INTR8004-INTR8005-JBODAT|"INTR8004-INTR8005-JBODAT -
INTR8005-INTR8006-JBODAT +"|JOB DE INTERFACE
INTR8000|INTR8006|PR31-INTR8000|CYC|SIM|01|SIM|ADICIONA CONDIÇÃO|SIM|LATESUB|U-ECS|NAO|00|20:30|23:15||MX.JCLFILE|NC-PR31-INIT|TRIMESTRAL|CAL_MENSAL||INTR8005-INTR8006-JBODAT|"INTR8005-INTR8006-JBODAT -
INTR8006-INTR8007-JBODAT +"|CARGA DE HISTORICO
INTR8000|INTR8007|PR31-INTR8000|CYC|SIM|01|SIM|ADICIONA CONDIÇÃO|SIM|LATE|U-ECS|SIM|00|20:30|23:15||MX.JCLFILE|NC-PR31-INIT|TRIMESTRAL|CAL_MENSAL||INTR8006-INTR8007-JBODAT|"INTR8006-INTR8007-JBODAT -
INTR8007-INTR8008-JBODAT +"|JOB DE RECONCILIACAO
INTR8000|INTR8008|PR31-INTR8000|CYC|SIM|01|SIM|ADICIONA CONDIÇÃO|SIM|LATE|OPER|NAO|00|20:30|23:15||MX.JCLFILE|NC-PR31-INIT|TRIMESTRAL|CAL_MENSAL|SIM; EVENTO: ADICIONA CONDIÇÃO; INTR8000; AMBIENTE=AL1|INTR8007-INTR8008-JBODAT|"INTR8007-INTR8008-JBODAT -
INTR8008-INTR8009-JBODAT +"|JOB DE RECONCILIACAO
INTR8000|INTR8009|PR31-INTR8000|CYC|SIM|01|SIM|ADICIONA CONDIÇÃO|SIM|EXECTIME|U-ECS|NAO|00|20:30|23:15||MX.JCLFILE|NC-PR31-INIT|TRIMESTRAL|CAL_MENSAL||INTR8008-INTR8009-JBODAT|"INTR8008-INTR8009-JBODAT -
INTR8009-INTR8010-JBODAT +"|CARGA DE TABELAS DE PARAMETRO
INTR8000|INTR8010|PR31-INTR8000|CYC|SIM|01|SIM|ADICIONA CONDIÇÃO|SIM|LATE|TSO-P|NAO|00|20:30|23:15||MX.JCLFILE|NC-PR31-INIT|TRIMESTRAL|CAL_MENSAL||INTR8009-INTR8010-JBODAT|"INTR8009-INTR8010-JBODAT -
INTR8010-INTR8011-JBODAT +"|PROCESSAMENTO DE PAGAMENTOS
INTR8000|INTR8011|PR31-INTR8000|CYC|SIM|01|SIM|ADICIONA CONDIÇÃO|SIM|LATESUB|U-ECS|NAO|00|20:30|23:15|Y|MX.JCLFILE|NC-PR31-INIT|TRIMESTRAL|CAL_MENSAL|SIM; EVENTO: ADICIONA CONDIÇÃO; INTR8000; AMBIENTE=AL1|INTR8010-INTR8011-JBODAT|INTR8010-INTR8011-JBODAT -|JOB DE BACKUP
RECP9000|RECP9000|PR31-RECP9000|JOB|NAO|01|SIM|FORCE JOB|SIM|LATESUB|U-ECS|NAO|05|08:00|11:45||MX.JCLFILE|NC-PR31-INIT|MENSAL|CAL_SEMANAL|SIM; EVENTO: FORCE JOB; RECP9000; AMBIENTE=MZ1||RECP9000-RECP9001-JBODAT +|JOB DE RECONCILIACAO
RECP9000|RECP9001|PR31-RECP9000|JOB|NAO|01|SIM|FORCE JOB|SIM|LATE|TSO-P|SIM|05|08:00|11:45||MX.JCLFILE|NC-PR31-INIT|MENSAL|CAL_SEMANAL|SIM; EVENTO: FORCE TABELA; RECP9000; AMBIENTE=MZ1|RECP9000-RECP9001-JBODAT|"RECP9000-RECP9001-JBODAT -
RECP9001-RECP9002-JBODAT +"|GERACAO DE RELATORIOS
RECP9000|RECP9002|PR31-RECP9000|JOB|NAO|01|SIM|FORCE JOB|SIM|LATESUB|U-ECS|SIM|05|08:00|11:45||MX.JCLFILE|NC-PR31-INIT|MENSAL|CAL_SEMANAL||RECP9001-RECP9002-JBODAT|"RECP9001-RECP9002-JBODAT -
RECP9002-RECP9003-JBODAT +"|CARGA DE TABELAS DE PARAMETRO
RECP9000|RECP9003|PR31-RECP9000|JOB|NAO|01|SIM|FORCE JOB|SIM|LATESUB|TSO-P|SIM|05|08:00|11:45|Y|MX.JCLFILE|NC-PR31-INIT|MENSAL|CAL_SEMANAL||RECP9002-RECP9003-JBODAT|"RECP9002-RECP9003-JBODAT -
RECP9003-RECP9004-JBODAT +"|CARGA DE HISTORICO
RECP9000|RECP9004|PR31-RECP9000|JOB|NAO|01|SIM|FORCE JOB|SIM|LATESUB|TSO-P|SIM|05|08:00|11:45||MX.JCLFILE|NC-PR31-INIT|MENSAL|CAL_SEMANAL||RECP9003-RECP9004-JBODAT|"RECP9003-RECP9004-JBODAT -
RECP9004-RECP9005-JBODAT +"|PROCESSAMENTO FINANCEIRO
RECP9000|RECP9005|PR31-RECP9000|JOB|NAO|01|SIM|FORCE JOB|NAO|||NAO|05|08:00|11:45||MX.JCLFILE|NC-PR31-INIT|MENSAL|CAL_SEMANAL||RECP9004-RECP9005-JBODAT|"RECP9004-RECP9005-JBODAT -
RECP9005-RECP9006-JBODAT +"|PROCESSAMENTO FINANCEIRO
RECP9000|RECP9006|PR31-RECP9000|JOB|NAO|01|SIM|FORCE JOB|SIM|LATE|TSO-P|SIM|05|08:00|11:45||MX.JCLFILE|NC-PR31-INIT|MENSAL|CAL_SEMANAL||RECP9005-RECP9006-JBODAT|"RECP9005-RECP9006-JBODAT -
RECP9006-RECP9007-JBODAT +"|PROCESSAMENTO CONTABIL
RECP9000|RECP9007|PR31-RECP9000|JOB|NAO|01|SIM|FORCE JOB|NAO|||NAO|05|08:00|11:45||MX.JCLFILE|NC-PR31-INIT|MENSAL|CAL_SEMANAL||RECP9006-RECP9007-JBODAT|"RECP9006-RECP9007-JBODAT -
RECP9007-RECP9008-JBODAT +"|JOB DE BACKUP
RECP9000|RECP9008|PR31-RECP9000|JOB|NAO|01|SIM|FORCE JOB|SIM|EXECTIME|U-ECS|SIM|05|08:00|11:45||MX.JCLFILE|NC-PR31-INIT|MENSAL|CAL_SEMANAL|SIM; EVENTO: FORCE JOB; RECP9000; AMBIENTE=MZ1|RECP9007-RECP9008-JBODAT|"RECP9007-RECP9008-JBODAT -
RECP9008-RECP9009-JBODAT +"|JOB DE INTERFACE
RECP9000|RECP9009|PR31-RECP9000|JOB|NAO|01|SIM|FORCE JOB|NAO|||SIM|05|08:00|11:45||MX.JCLFILE|NC-PR31-INIT|MENSAL|CAL_SEMANAL||RECP9008-RECP9009-JBODAT|"RECP9008-RECP9009-JBODAT -
RECP9009-RECP9010-JBODAT +"|CARGA DE DADOS MENSAIS
RECP9000|RECP9010|PR31-RECP9000|JOB|NAO|01|SIM|FORCE JOB|NAO|||SIM|05|08:00|11:45||MX.JCLFILE|NC-PR31-INIT|MENSAL|CAL_SEMANAL|SIM; EVENTO: ADICIONA CONDIÇÃO; RECP9000; AMBIENTE=MZ1|RECP9009-RECP9010-JBODAT|"RECP9009-RECP9010-JBODAT -
RECP9010-RECP9011-JBODAT +"|JOB DE RECONCILIACAO
RECP9000|RECP9011|PR31-RECP9000|JOB|NAO|01|SIM|FORCE JOB|NAO|||SIM|05|08:00|11:45||MX.JCLFILE|NC-PR31-INIT|MENSAL|CAL_SEMANAL|SIM; EVENTO: FORCE JOB; RECP9000; AMBIENTE=MZ1|RECP9010-RECP9011-JBODAT|"RECP9010-RECP9011-JBODAT -
RECP9011-RECP9012-JBODAT +"|PROCESSAMENTO DE ARQUIVOS
RECP9000|RECP9012|PR31-RECP9000|JOB|NAO|01|SIM|FORCE JOB|NAO|||SIM|05|08:00|11:45||MX.JCLFILE|NC-PR31-INIT|MENSAL|CAL_SEMANAL||RECP9011-RECP9012-JBODAT|RECP9011-RECP9012-JBODAT -|CARGA INCREMENTAL
EXTB0000|EXTB0000|PR21-EXTB0000|JOB|NAO|07|SIM|FORCE JOB|SIM|LATESUB|TSO-P|NAO|05|18:15|20:00||MX.CTMR.PR21.SCHEFILE|CR-PR21-INIT|DIARIO|CAL_ANUAL|||EXTB0000-EXTB0001-JBODAT +|PROCESSAMENTO DIARIO DE LOTE
EXTB0000|EXTB0001|PR21-EXTB0000|JOB|NAO|07|SIM|FORCE JOB|NAO|||SIM|05|18:15|20:00||MX.CTMR.PR21.SCHEFILE|CR-PR21-INIT|DIARIO|CAL_ANUAL||EXTB0000-EXTB0001-JBODAT|"EXTB0000-EXTB0001-JBODAT -
EXTB0001-EXTB0002-JBODAT +"|RECONCILIACAO BANCARIA
EXTB0000|EXTB0002|PR21-EXTB0000|JOB|NAO|07|SIM|FORCE JOB|NAO|||SIM|05|18:15|20:00||MX.CTMR.PR21.SCHEFILE|CR-PR21-INIT|DIARIO|CAL_ANUAL|SIM; EVENTO: FORCE TABELA; EXTB0000; AMBIENTE=MZ1|EXTB0001-EXTB0002-JBODAT|"EXTB0001-EXTB0002-JBODAT -
EXTB0002-EXTB0003-JBODAT +"|PROCESSAMENTO DIARIO DE LOTE
EXTB0000|EXTB0003|PR21-EXTB0000|JOB|NAO|07|SIM|FORCE JOB|SIM|LATE|U-ECS|NAO|05|18:15|20:00|Y|MX.CTMR.PR21.SCHEFILE|CR-PR21-INIT|DIARIO|CAL_ANUAL||EXTB0002-EXTB0003-JBODAT|"EXTB0002-EXTB0003-JBODAT -
EXTB0003-EXTB0004-JBODAT +"|PROCESSAMENTO CONTABIL
EXTB0000|EXTB0004|PR21-EXTB0000|JOB|NAO|07|SIM|FORCE JOB|SIM|LATESUB|U-ECS|SIM|05|18:15|20:00||MX.CTMR.PR21.SCHEFILE|CR-PR21-INIT|DIARIO|CAL_ANUAL|SIM; EVENTO: FORCE TABELA; EXTB0000; AMBIENTE=MZ1|EXTB0003-EXTB0004-JBODAT|"EXTB0003-EXTB0004-JBODAT -
EXTB0004-EXTB0005-JBODAT +"|CARGA DE TABELAS DE PARAMETRO
EXTB0000|EXTB0005|PR21-EXTB0000|JOB|NAO|07|SIM|FORCE JOB|NAO|||SIM|05|18:15|20:00||MX.CTMR.PR21.SCHEFILE|CR-PR21-INIT|DIARIO|CAL_ANUAL|SIM; EVENTO: ADICIONA CONDIÇÃO; EXTB0000; AMBIENTE=MZ1|EXTB0004-EXTB0005-JBODAT|"EXTB0004-EXTB0005-JBODAT -
EXTB0005-EXTB0006-JBODAT +"|CARGA DE DADOS MENSAIS
EXTB0000|EXTB0006|PR21-EXTB0000|JOB|NAO|07|SIM|FORCE JOB|NAO|||SIM|05|18:15|20:00||MX.CTMR.PR21.SCHEFILE|CR-PR21-INIT|DIARIO|CAL_ANUAL||EXTB0005-EXTB0006-JBODAT|"EXTB0005-EXTB0006-JBODAT -
EXTB0006-EXTB0007-JBODAT +"|CARGA DE HISTORICO
EXTB0000|EXTB0007|PR21-EXTB0000|JOB|NAO|07|SIM|FORCE JOB|SIM|LATE|TSO-P|SIM|05|18:15|20:00||MX.CTMR.PR21.SCHEFILE|CR-PR21-INIT|DIARIO|CAL_ANUAL||EXTB0006-EXTB0007-JBODAT|"EXTB0006-EXTB0007-JBODAT -
EXTB0007-EXTB0008-JBODAT +"|GERACAO DE RELATORIOS
EXTB0000|EXTB0008|PR21-EXTB0000|JOB|NAO|07|SIM|FORCE JOB|SIM|LATE|OPER|NAO|05|18:15|20:00||MX.CTMR.PR21.SCHEFILE|CR-PR21-INIT|DIARIO|CAL_ANUAL||EXTB0007-EXTB0008-JBODAT|"EXTB0007-EXTB0008-JBODAT -
EXTB0008-EXTB0009-JBODAT +"|CARGA DE DADOS MENSAIS
EXTB0000|EXTB0009|PR21-EXTB0000|JOB|NAO|07|SIM|FORCE JOB|NAO|||SIM|05|18:15|20:00|Y|MX.CTMR.PR21.SCHEFILE|CR-PR21-INIT|DIARIO|CAL_ANUAL||EXTB0008-EXTB0009-JBODAT|"EXTB0008-EXTB0009-JBODAT -
EXTB0009-EXTB0010-JBODAT +"|JOB DE INTERFACE
EXTB0000|EXTB0010|PR21-EXTB0000|JOB|NAO|07|SIM|FORCE JOB|SIM|LATESUB|TSO-P|NAO|05|18:15|20:00||MX.CTMR.PR21.SCHEFILE|CR-PR21-INIT|DIARIO|CAL_ANUAL||EXTB0009-EXTB0010-JBODAT|"EXTB0009-EXTB0010-JBODAT -
EXTB0010-EXTB0011-JBODAT +"|CARGA DE DADOS MENSAIS
EXTB0000|EXTB0011|PR21-EXTB0000|JOB|NAO|07|SIM|FORCE JOB|NAO|||SIM|05|18:15|20:00||MX.CTMR.PR21.SCHEFILE|CR-PR21-INIT|DIARIO|CAL_ANUAL|SIM; EVENTO: FORCE TABELA; EXTB0000; AMBIENTE=MZ1|EXTB0010-EXTB0011-JBODAT|"EXTB0010-EXTB0011-JBODAT -
EXTB0011-EXTB0012-JBODAT +"|PROCESSAMENTO DE ARQUIVOS
EXTB0000|EXTB0012|PR21-EXTB0000|JOB|NAO|07|SIM|FORCE JOB|SIM|LATE|TSO-P|NAO|05|18:15|20:00||MX.CTMR.PR21.SCHEFILE|CR-PR21-INIT|DIARIO|CAL_ANUAL||EXTB0011-EXTB0012-JBODAT|"EXTB0011-EXTB0012-JBODAT -
EXTB0012-EXTB0013-JBODAT +"|GERACAO DE RELATORIOS
EXTB0000|EXTB0013|PR21-EXTB0000|JOB|NAO|07|SIM|FORCE JOB|SIM|LATESUB|OPER|NAO|05|18:15|20:00||MX.CTMR.PR21.SCHEFILE|CR-PR21-INIT|DIARIO|CAL_ANUAL||EXTB0012-EXTB0013-JBODAT|"EXTB0012-EXTB0013-JBODAT -
EXTB0013-EXTB0014-JBODAT +"|JOB DE INTERFACE
EXTB0000|EXTB0014|PR21-EXTB0000|JOB|NAO|07|SIM|FORCE JOB|NAO|||NAO|05|18:15|20:00|Y|MX.CTMR.PR21.SCHEFILE|CR-PR21-INIT|DIARIO|CAL_ANUAL||EXTB0013-EXTB0014-JBODAT|"EXTB0013-EXTB0014-JBODAT -
EXTB0014-EXTB0015-JBODAT +"|PROCESSAMENTO DE ARQUIVOS
EXTB0000|EXTB0015|PR21-EXTB0000|JOB|NAO|07|SIM|FORCE JOB|NAO|||NAO|05|18:15|20:00||MX.CTMR.PR21.SCHEFILE|CR-PR21-INIT|DIARIO|CAL_ANUAL||EXTB0014-EXTB0015-JBODAT|"EXTB0014-EXTB0015-JBODAT -
EXTB0015-EXTB0016-JBODAT +"|JOB DE RECONCILIACAO
EXTB0000|EXTB0016|PR21-EXTB0000|JOB|NAO|07|SIM|FORCE JOB|NAO|||NAO|05|18:15|20:00||MX.CTMR.PR21.SCHEFILE|CR-PR21-INIT|DIARIO|CAL_ANUAL||EXTB0015-EXTB0016-JBODAT|EXTB0015-EXTB0016-JBODAT -|GERACAO DE RELATORIOS
COBA1000|COBA1000|PR12-COBA1000|JOB|NAO|03|NAO||NAO|||SIM|05|07:30|10:30||DUMMY|DM-PR12-INIT|MENSAL|CAL_UTIL|||COBA1000-COBA1001-JBODAT +|PROCESSAMENTO DIARIO DE LOTE
COBA1000|COBA1001|PR12-COBA1000|JOB|NAO|03|NAO||NAO|||NAO|05|07:30|10:30||DUMMY|DM-PR12-INIT|MENSAL|CAL_UTIL||COBA1000-COBA1001-JBODAT|"COBA1000-COBA1001-JBODAT -
COBA1001-COBA1002-JBODAT +"|PROCESSAMENTO DIARIO DE LOTE
COBA1000|COBA1002|PR12-COBA1000|JOB|NAO|03|NAO||SIM|LATESUB|U-ECS|NAO|05|07:30|10:30||DUMMY|DM-PR12-INIT|MENSAL|CAL_UTIL||COBA1001-COBA1002-JBODAT|"COBA1001-COBA1002-JBODAT -
COBA1002-COBA1003-JBODAT +"|PROCESSAMENTO DE PAGAMENTOS
COBA1000|COBA1003|PR12-COBA1000|JOB|NAO|03|NAO||SIM|EXECTIME|OPER|NAO|05|07:30|10:30|Y|DUMMY|DM-PR12-INIT|MENSAL|CAL_UTIL|SIM; EVENTO: ADICIONA CONDIÇÃO; COBA1000; AMBIENTE=MZ1|COBA1002-COBA1003-JBODAT|"COBA1002-COBA1003-JBODAT -
COBA1003-COBA1004-JBODAT +"|CARGA INCREMENTAL
COBA1000|COBA1004|PR12-COBA1000|JOB|NAO|03|NAO||NAO|||NAO|05|07:30|10:30||DUMMY|DM-PR12-INIT|MENSAL|CAL_UTIL|SIM; EVENTO: FORCE TABELA; COBA1000; AMBIENTE=MZ1|COBA1003-COBA1004-JBODAT|"COBA1003-COBA1004-JBODAT -
COBA1004-COBA1005-JBODAT +"|PROCESSAMENTO DE PAGAMENTOS
COBA1000|COBA1005|PR12-COBA1000|JOB|NAO|03|NAO||NAO|||NAO|05|07:30|10:30||DUMMY|DM-PR12-INIT|MENSAL|CAL_UTIL||COBA1004-COBA1005-JBODAT|"COBA1004-COBA1005-JBODAT -
COBA1005-COBA1006-JBODAT +"|CARGA DE TABELAS DE PARAMETRO
COBA1000|COBA1006|PR12-COBA1000|JOB|NAO|03|NAO||SIM|LATESUB|TSO-P|NAO|05|07:30|10:30||DUMMY|DM-PR12-INIT|MENSAL|CAL_UTIL|SIM; EVENTO: FORCE TABELA; COBA1000; AMBIENTE=MZ1|COBA1005-COBA1006-JBODAT|"COBA1005-COBA1006-JBODAT -
COBA1006-COBA1007-JBODAT +"|PROCESSAMENTO DIARIO DE LOTE
COBA1000|COBA1007|PR12-COBA1000|JOB|NAO|03|NAO||SIM|LATE|U-ECS|NAO|05|07:30|10:30||DUMMY|DM-PR12-INIT|MENSAL|CAL_UTIL|SIM; EVENTO: FORCE JOB; COBA1000; AMBIENTE=MZ1|COBA1006-COBA1007-JBODAT|"COBA1006-COBA1007-JBODAT -
COBA1007-COBA1008-JBODAT +"|RECONCILIACAO BANCARIA
COBA1000|COBA1008|PR12-COBA1000|JOB|NAO|03|NAO||NAO|||SIM|05|07:30|10:30||DUMMY|DM-PR12-INIT|MENSAL|CAL_UTIL|SIM; EVENTO: FORCE JOB; COBA1000; AMBIENTE=MZ1|COBA1007-COBA1008-JBODAT|"COBA1007-COBA1008-JBODAT -
COBA1008-COBA1009-JBODAT +"|PROCESSAMENTO FINANCEIRO
COBA1000|COBA1009|PR12-COBA1000|JOB|NAO|03|NAO||SIM|EXECTIME|OPER|NAO|05|07:30|10:30|Y|DUMMY|DM-PR12-INIT|MENSAL|CAL_UTIL||COBA1008-COBA1009-JBODAT|"COBA1008-COBA1009-JBODAT -
COBA1009-COBA1010-JBODAT +"|CARGA DE DADOS MENSAIS
COBA1000|COBA1010|PR12-COBA1000|JOB|NAO|03|NAO||NAO|||NAO|05|07:30|10:30||DUMMY|DM-PR12-INIT|MENSAL|CAL_UTIL||COBA1009-COBA1010-JBODAT|"COBA1009-COBA1010-JBODAT -
COBA1010-COBA1011-JBODAT +"|GERACAO DE RELATORIOS
COBA1000|COBA1011|PR12-COBA1000|JOB|NAO|03|NAO||NAO|||SIM|05|07:30|10:30||DUMMY|DM-PR12-INIT|MENSAL|CAL_UTIL||COBA1010-COBA1011-JBODAT|"COBA1010-COBA1011-JBODAT -
COBA1011-COBA1012-JBODAT +"|PROCESSAMENTO DE PAGAMENTOS
COBA1000|COBA1012|PR12-COBA1000|JOB|NAO|03|NAO||SIM|LATE|U-ECS|SIM|05|07:30|10:30|Y|DUMMY|DM-PR12-INIT|MENSAL|CAL_UTIL|SIM; EVENTO: FORCE TABELA; COBA1000; AMBIENTE=MZ1|COBA1011-COBA1012-JBODAT|"COBA1011-COBA1012-JBODAT -
COBA1012-COBA1013-JBODAT +"|PROCESSAMENTO FINANCEIRO
COBA1000|COBA1013|PR12-COBA1000|JOB|NAO|03|NAO||NAO|||SIM|05|07:30|10:30||DUMMY|DM-PR12-INIT|MENSAL|CAL_UTIL||COBA1012-COBA1013-JBODAT|"COBA1012-COBA1013-JBODAT -
COBA1013-COBA1014-JBODAT +"|PROCESSAMENTO CONTABIL
COBA1000|COBA1014|PR12-COBA1000|JOB|NAO|03|NAO||SIM|LATESUB|OPER|SIM|05|07:30|10:30||DUMMY|DM-PR12-INIT|MENSAL|CAL_UTIL||COBA1013-COBA1014-JBODAT|"COBA1013-COBA1014-JBODAT -
COBA1014-COBA1015-JBODAT +"|RECONCILIACAO BANCARIA
COBA1000|COBA1015|PR12-COBA1000|JOB|NAO|03|NAO||NAO|||NAO|05|07:30|10:30||DUMMY|DM-PR12-INIT|MENSAL|CAL_UTIL||COBA1014-COBA1015-JBODAT|"COBA1014-COBA1015-JBODAT -
COBA1015-COBA1016-JBODAT +"|CARGA DE DADOS MENSAIS
COBA1000|COBA1016|PR12-COBA1000|JOB|NAO|03|NAO||SIM|LATE|U-ECS|SIM|05|07:30|10:30||DUMMY|DM-PR12-INIT|MENSAL|CAL_UTIL||COBA1015-COBA1016-JBODAT|"COBA1015-COBA1016-JBODAT -
COBA1016-COBA1017-JBODAT +"|CARGA INCREMENTAL
COBA1000|COBA1017|PR12-COBA1000|JOB|NAO|03|NAO||SIM|LATESUB|U-ECS|SIM|05|07:30|10:30||DUMMY|DM-PR12-INIT|MENSAL|CAL_UTIL|SIM; EVENTO: ADICIONA CONDIÇÃO; COBA1000; AMBIENTE=MZ1|COBA1016-COBA1017-JBODAT|COBA1016-COBA1017-JBODAT -|PROCESSAMENTO DE ARQUIVOS
FINB2000|FINB2000|PR12-FINB2000|JOB|NAO|03|SIM|FORCE JOB|NAO|||SIM|05|11:30|12:30||DUMMY|DM-PR12-INIT|SEMESTRAL|CAL_MENSAL|||FINB2000-FINB2001-JBODAT +|CARGA DE DADOS MENSAIS
FINB2000|FINB2001|PR12-FINB2000|JOB|NAO|03|SIM|FORCE JOB|SIM|LATESUB|U-ECS|SIM|05|11:30|12:30|Y|DUMMY|DM-PR12-INIT|SEMESTRAL|CAL_MENSAL||FINB2000-FINB2001-JBODAT|"FINB2000-FINB2001-JBODAT -
FINB2001-FINB2002-JBODAT +"|PROCESSAMENTO DE ARQUIVOS
FINB2000|FINB2002|PR12-FINB2000|JOB|NAO|03|SIM|FORCE JOB|NAO|||SIM|05|11:30|12:30||DUMMY|DM-PR12-INIT|SEMESTRAL|CAL_MENSAL|SIM; EVENTO: FORCE TABELA; FINB2000; AMBIENTE=AL1|FINB2001-FINB2002-JBODAT|"FINB2001-FINB2002-JBODAT -
FINB2002-FINB2003-JBODAT +"|PROCESSAMENTO DE PAGAMENTOS
FINB2000|FINB2003|PR12-FINB2000|JOB|NAO|03|SIM|FORCE JOB|NAO|||SIM|05|11:30|12:30||DUMMY|DM-PR12-INIT|SEMESTRAL|CAL_MENSAL||FINB2002-FINB2003-JBODAT|"FINB2002-FINB2003-JBODAT -
FINB2003-FINB2004-JBODAT +"|PROCESSAMENTO DE PAGAMENTOS
FINB2000|FINB2004|PR12-FINB2000|JOB|NAO|03|SIM|FORCE JOB|SIM|LATE|U-ECS|NAO|05|11:30|12:30||DUMMY|DM-PR12-INIT|SEMESTRAL|CAL_MENSAL||FINB2003-FINB2004-JBODAT|"FINB2003-FINB2004-JBODAT -
FINB2004-FINB2005-JBODAT +"|PROCESSAMENTO FINANCEIRO
FINB2000|FINB2005|PR12-FINB2000|JOB|NAO|03|SIM|FORCE JOB|NAO|||NAO|05|11:30|12:30||DUMMY|DM-PR12-INIT|SEMESTRAL|CAL_MENSAL||FINB2004-FINB2005-JBODAT|"FINB2004-FINB2005-JBODAT -
FINB2005-FINB2006-JBODAT +"|JOB DE RECONCILIACAO
FINB2000|FINB2006|PR12-FINB2000|JOB|NAO|03|SIM|FORCE JOB|NAO|||NAO|05|11:30|12:30||DUMMY|DM-PR12-INIT|SEMESTRAL|CAL_MENSAL|SIM; EVENTO: ADICIONA CONDIÇÃO; FINB2000; AMBIENTE=AL1|FINB2005-FINB2006-JBODAT|"FINB2005-FINB2006-JBODAT -
FINB2006-FINB2007-JBODAT +"|JOB DE RECONCILIACAO
FINB2000|FINB2007|PR12-FINB2000|JOB|NAO|03|SIM|FORCE JOB|NAO|||NAO|05|11:30|12:30||DUMMY|DM-PR12-INIT|SEMESTRAL|CAL_MENSAL||FINB2006-FINB2007-JBODAT|FINB2006-FINB2007-JBODAT -|JOB DE BACKUP
RELB3000|RELB3000|PR21-RELB3000|JOB|NAO|07|NAO||NAO|||NAO|05|13:15|15:00||MX.CTMR.PR21.SCHEFILE|CR-PR21-INIT|DIARIO|CAL_ANUAL|||RELB3000-RELB3001-JBODAT +|JOB DE RECONCILIACAO
RELB3000|RELB3001|PR21-RELB3000|JOB|NAO|07|NAO||NAO|||NAO|05|13:15|15:00|Y|MX.CTMR.PR21.SCHEFILE|CR-PR21-INIT|DIARIO|CAL_ANUAL|SIM; EVENTO: ADICIONA CONDIÇÃO; RELB3000; AMBIENTE=AL1|RELB3000-RELB3001-JBODAT|"RELB3000-RELB3001-JBODAT -
RELB3001-RELB3002-JBODAT +"|PROCESSAMENTO CONTABIL
RELB3000|RELB3002|PR21-RELB3000|JOB|NAO|07|NAO||NAO|||NAO|05|13:15|15:00||MX.CTMR.PR21.SCHEFILE|CR-PR21-INIT|DIARIO|CAL_ANUAL|SIM; EVENTO: FORCE JOB; RELB3000; AMBIENTE=AL1|RELB3001-RELB3002-JBODAT|"RELB3001-RELB3002-JBODAT -
RELB3002-RELB3003-JBODAT +"|GERACAO DE EXTRATOS
RELB3000|RELB3003|PR21-RELB3000|JOB|NAO|07|NAO||NAO|||SIM|05|13:15|15:00||MX.CTMR.PR21.SCHEFILE|CR-PR21-INIT|DIARIO|CAL_ANUAL||RELB3002-RELB3003-JBODAT|"RELB3002-RELB3003-JBODAT -
RELB3003-RELB3004-JBODAT +"|PROCESSAMENTO DIARIO DE LOTE
RELB3000|RELB3004|PR21-RELB3000|JOB|NAO|07|NAO||NAO|||NAO|05|13:15|15:00||MX.CTMR.PR21.SCHEFILE|CR-PR21-INIT|DIARIO|CAL_ANUAL||RELB3003-RELB3004-JBODAT|"RELB3003-RELB3004-JBODAT -
RELB3004-RELB3005-JBODAT +"|PROCESSAMENTO DE PAGAMENTOS
RELB3000|RELB3005|PR21-RELB3000|JOB|NAO|07|NAO||NAO|||NAO|05|13:15|15:00||MX.CTMR.PR21.SCHEFILE|CR-PR21-INIT|DIARIO|CAL_ANUAL||RELB3004-RELB3005-JBODAT|"RELB3004-RELB3005-JBODAT -
RELB3005-RELB3006-JBODAT +"|JOB DE BACKUP
RELB3000|RELB3006|PR21-RELB3000|JOB|NAO|07|NAO||SIM|LATE|U-ECS|NAO|05|13:15|15:00||MX.CTMR.PR21.SCHEFILE|CR-PR21-INIT|DIARIO|CAL_ANUAL||RELB3005-RELB3006-JBODAT|"RELB3005-RELB3006-JBODAT -
RELB3006-RELB3007-JBODAT +"|JOB DE BACKUP
RELB3000|RELB3007|PR21-RELB3000|JOB|NAO|07|NAO||SIM|LATESUB|U-ECS|SIM|05|13:15|15:00||MX.CTMR.PR21.SCHEFILE|CR-PR21-INIT|DIARIO|CAL_ANUAL|SIM; EVENTO: FORCE JOB; RELB3000; AMBIENTE=AL1|RELB3006-RELB3007-JBODAT|"RELB3006-RELB3007-JBODAT -
RELB3007-RELB3008-JBODAT +"|GERACAO DE EXTRATOS
RELB3000|RELB3008|PR21-RELB3000|JOB|NAO|07|NAO||NAO|||NAO|05|13:15|15:00||MX.CTMR.PR21.SCHEFILE|CR-PR21-INIT|DIARIO|CAL_ANUAL||RELB3007-RELB3008-JBODAT|"RELB3007-RELB3008-JBODAT -
RELB3008-RELB3009-JBODAT +"|CARGA DE TABELAS DE PARAMETRO
RELB3000|RELB3009|PR21-RELB3000|JOB|NAO|07|NAO||SIM|EXECTIME|OPER|NAO|05|13:15|15:00||MX.CTMR.PR21.SCHEFILE|CR-PR21-INIT|DIARIO|CAL_ANUAL||RELB3008-RELB3009-JBODAT|"RELB3008-RELB3009-JBODAT -
RELB3009-RELB3010-JBODAT +"|GERACAO DE EXTRATOS
RELB3000|RELB3010|PR21-RELB3000|JOB|NAO|07|NAO||NAO|||SIM|05|13:15|15:00|Y|MX.CTMR.PR21.SCHEFILE|CR-PR21-INIT|DIARIO|CAL_ANUAL||RELB3009-RELB3010-JBODAT|"RELB3009-RELB3010-JBODAT -
RELB3010-RELB3011-JBODAT +"|GERACAO DE EXTRATOS
RELB3000|RELB3011|PR21-RELB3000|JOB|NAO|07|NAO||SIM|EXECTIME|OPER|SIM|05|13:15|15:00||MX.CTMR.PR21.SCHEFILE|CR-PR21-INIT|DIARIO|CAL_ANUAL||RELB3010-RELB3011-JBODAT|"RELB3010-RELB3011-JBODAT -
RELB3011-RELB3012-JBODAT +"|GERACAO DE EXTRATOS
RELB3000|RELB3012|PR21-RELB3000|JOB|NAO|07|NAO||NAO|||SIM|05|13:15|15:00||MX.CTMR.PR21.SCHEFILE|CR-PR21-INIT|DIARIO|CAL_ANUAL||RELB3011-RELB3012-JBODAT|"RELB3011-RELB3012-JBODAT -
RELB3012-RELB3013-JBODAT +"|CARGA INCREMENTAL
RELB3000|RELB3013|PR21-RELB3000|JOB|NAO|07|NAO||NAO|||SIM|05|13:15|15:00||MX.CTMR.PR21.SCHEFILE|CR-PR21-INIT|DIARIO|CAL_ANUAL||RELB3012-RELB3013-JBODAT|"RELB3012-RELB3013-JBODAT -
RELB3013-RELB3014-JBODAT +"|JOB DE INTERFACE
RELB3000|RELB3014|PR21-RELB3000|JOB|NAO|07|NAO||NAO|||NAO|05|13:15|15:00||MX.CTMR.PR21.SCHEFILE|CR-PR21-INIT|DIARIO|CAL_ANUAL||RELB3013-RELB3014-JBODAT|"RELB3013-RELB3014-JBODAT -
RELB3014-RELB3015-JBODAT +"|PROCESSAMENTO CONTABIL
RELB3000|RELB3015|PR21-RELB3000|JOB|NAO|07|NAO||NAO|||NAO|05|13:15|15:00||MX.CTMR.PR21.SCHEFILE|CR-PR21-INIT|DIARIO|CAL_ANUAL||RELB3014-RELB3015-JBODAT|RELB3014-RELB3015-JBODAT -|PROCESSAMENTO DE PAGAMENTOS
PAGB4000|PAGB4000|PR12-PAGB4000|CYC|SIM|19|NAO||NAO|||SIM|00|15:15|16:45||DUMMY|DM-PR12-INIT|SEMESTRAL|CAL_TODOS|SIM; EVENTO: ADICIONA CONDIÇÃO; PAGB4000; AMBIENTE=AL1||PAGB4000-PAGB4001-JBODAT +|RECONCILIACAO BANCARIA
PAGB4000|PAGB4001|PR12-PAGB4000|CYC|SIM|19|NAO||SIM|EXECTIME|OPER|NAO|00|15:15|16:45||DUMMY|DM-PR12-INIT|SEMESTRAL|CAL_TODOS|SIM; EVENTO: ADICIONA CONDIÇÃO; PAGB4000; AMBIENTE=AL1|PAGB4000-PAGB4001-JBODAT|"PAGB4000-PAGB4001-JBODAT -
PAGB4001-PAGB4002-JBODAT +"|PROCESSAMENTO FINANCEIRO
PAGB4000|PAGB4002|PR12-PAGB4000|CYC|SIM|19|NAO||NAO|||NAO|00|15:15|16:45||DUMMY|DM-PR12-INIT|SEMESTRAL|CAL_TODOS||PAGB4001-PAGB4002-JBODAT|"PAGB4001-PAGB4002-JBODAT -
PAGB4002-PAGB4003-JBODAT +"|PROCESSAMENTO DIARIO DE LOTE
PAGB4000|PAGB4003|PR12-PAGB4000|CYC|SIM|19|NAO||SIM|LATESUB|OPER|NAO|00|15:15|16:45||DUMMY|DM-PR12-INIT|SEMESTRAL|CAL_TODOS||PAGB4002-PAGB4003-JBODAT|"PAGB4002-PAGB4003-JBODAT -
PAGB4003-PAGB4004-JBODAT +"|JOB DE BACKUP
PAGB4000|PAGB4004|PR12-PAGB4000|CYC|SIM|19|NAO||NAO|||SIM|00|15:15|16:45||DUMMY|DM-PR12-INIT|SEMESTRAL|CAL_TODOS||PAGB4003-PAGB4004-JBODAT|"PAGB4003-PAGB4004-JBODAT -
PAGB4004-PAGB4005-JBODAT +"|GERACAO DE EXTRATOS
PAGB4000|PAGB4005|PR12-PAGB4000|CYC|SIM|19|NAO||NAO|||NAO|00|15:15|16:45||DUMMY|DM-PR12-INIT|SEMESTRAL|CAL_TODOS|SIM; EVENTO: FORCE TABELA; PAGB4000; AMBIENTE=AL1|PAGB4004-PAGB4005-JBODAT|"PAGB4004-PAGB4005-JBODAT -
PAGB4005-PAGB4006-JBODAT +"|GERACAO DE RELATORIOS
PAGB4000|PAGB4006|PR12-PAGB4000|CYC|SIM|19|NAO||NAO|||SIM|00|15:15|16:45||DUMMY|DM-PR12-INIT|SEMESTRAL|CAL_TODOS||PAGB4005-PAGB4006-JBODAT|"PAGB4005-PAGB4006-JBODAT -
PAGB4006-PAGB4007-JBODAT +"|CARGA DE HISTORICO
PAGB4000|PAGB4007|PR12-PAGB4000|CYC|SIM|19|NAO||NAO|||SIM|00|15:15|16:45||DUMMY|DM-PR12-INIT|SEMESTRAL|CAL_TODOS||PAGB4006-PAGB4007-JBODAT|"PAGB4006-PAGB4007-JBODAT -
PAGB4007-PAGB4008-JBODAT +"|PROCESSAMENTO CONTABIL
PAGB4000|PAGB4008|PR12-PAGB4000|CYC|SIM|19|NAO||NAO|||NAO|00|15:15|16:45||DUMMY|DM-PR12-INIT|SEMESTRAL|CAL_TODOS||PAGB4007-PAGB4008-JBODAT|"PAGB4007-PAGB4008-JBODAT -
PAGB4008-PAGB4009-JBODAT +"|GERACAO DE EXTRATOS
PAGB4000|PAGB4009|PR12-PAGB4000|CYC|SIM|19|NAO||NAO|||NAO|00|15:15|16:45||DUMMY|DM-PR12-INIT|SEMESTRAL|CAL_TODOS||PAGB4008-PAGB4009-JBODAT|"PAGB4008-PAGB4009-JBODAT -
PAGB4009-PAGB4010-JBODAT +"|CARGA DE HISTORICO
PAGB4000|PAGB4010|PR12-PAGB4000|CYC|SIM|19|NAO||SIM|LATE|OPER|NAO|00|15:15|16:45||DUMMY|DM-PR12-INIT|SEMESTRAL|CAL_TODOS|SIM; EVENTO: FORCE JOB; PAGB4000; AMBIENTE=AL1|PAGB4009-PAGB4010-JBODAT|"PAGB4009-PAGB4010-JBODAT -
PAGB4010-PAGB4011-JBODAT +"|PROCESSAMENTO DE PAGAMENTOS
PAGB4000|PAGB4011|PR12-PAGB4000|CYC|SIM|19|NAO||NAO|||NAO|00|15:15|16:45||DUMMY|DM-PR12-INIT|SEMESTRAL|CAL_TODOS||PAGB4010-PAGB4011-JBODAT|"PAGB4010-PAGB4011-JBODAT -
PAGB4011-PAGB4012-JBODAT +"|GERACAO DE RELATORIOS
PAGB4000|PAGB4012|PR12-PAGB4000|CYC|SIM|19|NAO||NAO|||SIM|00|15:15|16:45|Y|DUMMY|DM-PR12-INIT|SEMESTRAL|CAL_TODOS||PAGB4011-PAGB4012-JBODAT|"PAGB4011-PAGB4012-JBODAT -
PAGB4012-PAGB4013-JBODAT +"|PROCESSAMENTO FINANCEIRO
PAGB4000|PAGB4013|PR12-PAGB4000|CYC|SIM|19|NAO||SIM|EXECTIME|U-ECS|SIM|00|15:15|16:45||DUMMY|DM-PR12-INIT|SEMESTRAL|CAL_TODOS|SIM; EVENTO: FORCE JOB; PAGB4000; AMBIENTE=AL1|PAGB4012-PAGB4013-JBODAT|"PAGB4012-PAGB4013-JBODAT -
PAGB4013-PAGB4014-JBODAT +"|CARGA INCREMENTAL
PAGB4000|PAGB4014|PR12-PAGB4000|CYC|SIM|19|NAO||NAO|||SIM|00|15:15|16:45||DUMMY|DM-PR12-INIT|SEMESTRAL|CAL_TODOS|SIM; EVENTO: ADICIONA CONDIÇÃO; PAGB4000; AMBIENTE=AL1|PAGB4013-PAGB4014-JBODAT|"PAGB4013-PAGB4014-JBODAT -
PAGB4014-PAGB4015-JBODAT +"|PROCESSAMENTO DE ARQUIVOS
PAGB4000|PAGB4015|PR12-PAGB4000|CYC|SIM|19|NAO||SIM|LATE|U-ECS|NAO|00|15:15|16:45||DUMMY|DM-PR12-INIT|SEMESTRAL|CAL_TODOS|SIM; EVENTO: FORCE JOB; PAGB4000; AMBIENTE=AL1|PAGB4014-PAGB4015-JBODAT|"PAGB4014-PAGB4015-JBODAT -
PAGB4015-PAGB4016-JBODAT +"|CARGA INCREMENTAL
PAGB4000|PAGB4016|PR12-PAGB4000|CYC|SIM|19|NAO||NAO|||SIM|00|15:15|16:45||DUMMY|DM-PR12-INIT|SEMESTRAL|CAL_TODOS|SIM; EVENTO: ADICIONA CONDIÇÃO; PAGB4000; AMBIENTE=AL1|PAGB4015-PAGB4016-JBODAT|"PAGB4015-PAGB4016-JBODAT -
PAGB4016-PAGB4017-JBODAT +"|PROCESSAMENTO FINANCEIRO
PAGB4000|PAGB4017|PR12-PAGB4000|CYC|SIM|19|NAO||SIM|EXECTIME|TSO-P|SIM|00|15:15|16:45||DUMMY|DM-PR12-INIT|SEMESTRAL|CAL_TODOS|SIM; EVENTO: FORCE JOB; PAGB4000; AMBIENTE=AL1|PAGB4016-PAGB4017-JBODAT|PAGB4016-PAGB4017-JBODAT -|CARGA DE HISTORICO
CONB5000|CONB5000|PR41-CONB5000|CYC|SIM|00|NAO||NAO|||NAO|00|07:30|10:45|Y|MX.JCLFILE|NC-PR41-INIT|TRIMESTRAL|CAL_TODOS|SIM; EVENTO: FORCE TABELA; CONB5000; AMBIENTE=MZ1||CONB5000-CONB5001-JBODAT +|RECONCILIACAO BANCARIA
CONB5000|CONB5001|PR41-CONB5000|CYC|SIM|00|NAO||NAO|||NAO|00|07:30|10:45||MX.JCLFILE|NC-PR41-INIT|TRIMESTRAL|CAL_TODOS|SIM; EVENTO: FORCE JOB; CONB5000; AMBIENTE=MZ1|CONB5000-CONB5001-JBODAT|"CONB5000-CONB5001-JBODAT -
CONB5001-CONB5002-JBODAT +"|CARGA DE HISTORICO
CONB5000|CONB5002|PR41-CONB5000|CYC|SIM|00|NAO||NAO|||SIM|00|07:30|10:45|Y|MX.JCLFILE|NC-PR41-INIT|TRIMESTRAL|CAL_TODOS||CONB5001-CONB5002-JBODAT|"CONB5001-CONB5002-JBODAT -
CONB5002-CONB5003-JBODAT +"|PROCESSAMENTO DE ARQUIVOS
CONB5000|CONB5003|PR41-CONB5000|CYC|SIM|00|NAO||NAO|||NAO|00|07:30|10:45||MX.JCLFILE|NC-PR41-INIT|TRIMESTRAL|CAL_TODOS|SIM; EVENTO: ADICIONA CONDIÇÃO; CONB5000; AMBIENTE=MZ1|CONB5002-CONB5003-JBODAT|"CONB5002-CONB5003-JBODAT -
CONB5003-CONB5004-JBODAT +"|CARGA DE DADOS MENSAIS
CONB5000|CONB5004|PR41-CONB5000|CYC|SIM|00|NAO||SIM|EXECTIME|TSO-P|NAO|00|07:30|10:45||MX.JCLFILE|NC-PR41-INIT|TRIMESTRAL|CAL_TODOS|SIM; EVENTO: FORCE JOB; CONB5000; AMBIENTE=MZ1|CONB5003-CONB5004-JBODAT|"CONB5003-CONB5004-JBODAT -
CONB5004-CONB5005-JBODAT +"|PROCESSAMENTO FINANCEIRO
CONB5000|CONB5005|PR41-CONB5000|CYC|SIM|00|NAO||NAO|||NAO|00|07:30|10:45||MX.JCLFILE|NC-PR41-INIT|TRIMESTRAL|CAL_TODOS||CONB5004-CONB5005-JBODAT|"CONB5004-CONB5005-JBODAT -
CONB5005-CONB5006-JBODAT +"|RECONCILIACAO BANCARIA
CONB5000|CONB5006|PR41-CONB5000|CYC|SIM|00|NAO||SIM|LATE|U-ECS|NAO|00|07:30|10:45||MX.JCLFILE|NC-PR41-INIT|TRIMESTRAL|CAL_TODOS|SIM; EVENTO: FORCE TABELA; CONB5000; AMBIENTE=MZ1|CONB5005-CONB5006-JBODAT|"CONB5005-CONB5006-JBODAT -
CONB5006-CONB5007-JBODAT +"|PROCESSAMENTO CONTABIL
CONB5000|CONB5007|PR41-CONB5000|CYC|SIM|00|NAO||NAO|||SIM|00|07:30|10:45||MX.JCLFILE|NC-PR41-INIT|TRIMESTRAL|CAL_TODOS||CONB5006-CONB5007-JBODAT|"CONB5006-CONB5007-JBODAT -
CONB5007-CONB5008-JBODAT +"|PROCESSAMENTO DE ARQUIVOS
CONB5000|CONB5008|PR41-CONB5000|CYC|SIM|00|NAO||NAO|||SIM|00|07:30|10:45||MX.JCLFILE|NC-PR41-INIT|TRIMESTRAL|CAL_TODOS||CONB5007-CONB5008-JBODAT|"CONB5007-CONB5008-JBODAT -
CONB5008-CONB5009-JBODAT +"|CARGA INCREMENTAL
CONB5000|CONB5009|PR41-CONB5000|CYC|SIM|00|NAO||SIM|EXECTIME|OPER|NAO|00|07:30|10:45|Y|MX.JCLFILE|NC-PR41-INIT|TRIMESTRAL|CAL_TODOS||CONB5008-CONB5009-JBODAT|CONB5008-CONB5009-JBODAT -|CARGA DE TABELAS DE PARAMETRO
INTC6000|INTC6000|PR31-INTC6000|CYC|SIM|07|SIM|ADICIONA CONDIÇÃO|SIM|LATESUB|U-ECS|SIM|00|17:30|18:00|Y|DUMMY|DM-PR31-INIT|ANUAL|CAL_TODOS|||INTC6000-INTC6001-JBODAT +|PROCESSAMENTO CONTABIL
INTC6000|INTC6001|PR31-INTC6000|CYC|SIM|07|SIM|ADICIONA CONDIÇÃO|SIM|LATESUB|OPER|NAO|00|17:30|18:00|Y|DUMMY|DM-PR31-INIT|ANUAL|CAL_TODOS||INTC6000-INTC6001-JBODAT|"INTC6000-INTC6001-JBODAT -
INTC6001-INTC6002-JBODAT +"|CARGA DE HISTORICO
INTC6000|INTC6002|PR31-INTC6000|CYC|SIM|07|SIM|ADICIONA CONDIÇÃO|SIM|LATE|OPER|NAO|00|17:30|18:00||DUMMY|DM-PR31-INIT|ANUAL|CAL_TODOS|SIM; EVENTO: FORCE JOB; INTC6000; AMBIENTE=AL1|INTC6001-INTC6002-JBODAT|"INTC6001-INTC6002-JBODAT -
INTC6002-INTC6003-JBODAT +"|PROCESSAMENTO DE PAGAMENTOS
INTC6000|INTC6003|PR31-INTC6000|CYC|SIM|07|SIM|ADICIONA CONDIÇÃO|NAO|||SIM|00|17:30|18:00||DUMMY|DM-PR31-INIT|ANUAL|CAL_TODOS||INTC6002-INTC6003-JBODAT|"INTC6002-INTC6003-JBODAT -
INTC6003-INTC6004-JBODAT +"|RECONCILIACAO BANCARIA
INTC6000|INTC6004|PR31-INTC6000|CYC|SIM|07|SIM|ADICIONA CONDIÇÃO|SIM|LATESUB|OPER|SIM|00|17:30|18:00||DUMMY|DM-PR31-INIT|ANUAL|CAL_TODOS||INTC6003-INTC6004-JBODAT|"INTC6003-INTC6004-JBODAT -
INTC6004-INTC6005-JBODAT +"|GERACAO DE EXTRATOS
INTC6000|INTC6005|PR31-INTC6000|CYC|SIM|07|SIM|ADICIONA CONDIÇÃO|SIM|EXECTIME|TSO-P|SIM|00|17:30|18:00||DUMMY|DM-PR31-INIT|ANUAL|CAL_TODOS|SIM; EVENTO: FORCE TABELA; INTC6000; AMBIENTE=AL1|INTC6004-INTC6005-JBODAT|"INTC6004-INTC6005-JBODAT -
INTC6005-INTC6006-JBODAT +"|CARGA DE HISTORICO
INTC6000|INTC6006|PR31-INTC6000|CYC|SIM|07|SIM|ADICIONA CONDIÇÃO|NAO|||NAO|00|17:30|18:00||DUMMY|DM-PR31-INIT|ANUAL|CAL_TODOS||INTC6005-INTC6006-JBODAT|"INTC6005-INTC6006-JBODAT -
INTC6006-INTC6007-JBODAT +"|JOB DE INTERFACE
INTC6000|INTC6007|PR31-INTC6000|CYC|SIM|07|SIM|ADICIONA CONDIÇÃO|NAO|||NAO|00|17:30|18:00|Y|DUMMY|DM-PR31-INIT|ANUAL|CAL_TODOS||INTC6006-INTC6007-JBODAT|"INTC6006-INTC6007-JBODAT -
INTC6007-INTC6008-JBODAT +"|JOB DE INTERFACE
INTC6000|INTC6008|PR31-INTC6000|CYC|SIM|07|SIM|ADICIONA CONDIÇÃO|SIM|LATESUB|TSO-P|SIM|00|17:30|18:00|Y|DUMMY|DM-PR31-INIT|ANUAL|CAL_TODOS||INTC6007-INTC6008-JBODAT|"INTC6007-INTC6008-JBODAT -
INTC6008-INTC6009-JBODAT +"|GERACAO DE EXTRATOS
INTC6000|INTC6009|PR31-INTC6000|CYC|SIM|07|SIM|ADICIONA CONDIÇÃO|SIM|LATESUB|OPER|SIM|00|17:30|18:00||DUMMY|DM-PR31-INIT|ANUAL|CAL_TODOS||INTC6008-INTC6009-JBODAT|"INTC6008-INTC6009-JBODAT -
INTC6009-INTC6010-JBODAT +"|PROCESSAMENTO CONTABIL
INTC6000|INTC6010|PR31-INTC6000|CYC|SIM|07|SIM|ADICIONA CONDIÇÃO|NAO|||NAO|00|17:30|18:00||DUMMY|DM-PR31-INIT|ANUAL|CAL_TODOS|SIM; EVENTO: FORCE JOB; INTC6000; AMBIENTE=AL1|INTC6009-INTC6010-JBODAT|"INTC6009-INTC6010-JBODAT -
INTC6010-INTC6011-JBODAT +"|JOB DE RECONCILIACAO
INTC6000|INTC6011|PR31-INTC6000|CYC|SIM|07|SIM|ADICIONA CONDIÇÃO|NAO|||SIM|00|17:30|18:00||DUMMY|DM-PR31-INIT|ANUAL|CAL_TODOS||INTC6010-INTC6011-JBODAT|"INTC6010-INTC6011-JBODAT -
INTC6011-INTC6012-JBODAT +"|CARGA DE DADOS MENSAIS
INTC6000|INTC6012|PR31-INTC6000|CYC|SIM|07|SIM|ADICIONA CONDIÇÃO|SIM|LATESUB|TSO-P|SIM|00|17:30|18:00||DUMMY|DM-PR31-INIT|ANUAL|CAL_TODOS|SIM; EVENTO: ADICIONA CONDIÇÃO; INTC6000; AMBIENTE=AL1|INTC6011-INTC6012-JBODAT|"INTC6011-INTC6012-JBODAT -
INTC6012-INTC6013-JBODAT +"|PROCESSAMENTO DIARIO DE LOTE
INTC6000|INTC6013|PR31-INTC6000|CYC|SIM|07|SIM|ADICIONA CONDIÇÃO|NAO|||SIM|00|17:30|18:00||DUMMY|DM-PR31-INIT|ANUAL|CAL_TODOS|SIM; EVENTO: FORCE JOB; INTC6000; AMBIENTE=AL1|INTC6012-INTC6013-JBODAT|"INTC6012-INTC6013-JBODAT -
INTC6013-INTC6014-JBODAT +"|PROCESSAMENTO FINANCEIRO
INTC6000|INTC6014|PR31-INTC6000|CYC|SIM|07|SIM|ADICIONA CONDIÇÃO|SIM|EXECTIME|OPER|NAO|00|17:30|18:00||DUMMY|DM-PR31-INIT|ANUAL|CAL_TODOS||INTC6013-INTC6014-JBODAT|"INTC6013-INTC6014-JBODAT -
INTC6014-INTC6015-JBODAT +"|CARGA DE TABELAS DE PARAMETRO
INTC6000|INTC6015|PR31-INTC6000|CYC|SIM|07|SIM|ADICIONA CONDIÇÃO|NAO|||NAO|00|17:30|18:00||DUMMY|DM-PR31-INIT|ANUAL|CAL_TODOS||INTC6014-INTC6015-JBODAT|"INTC6014-INTC6015-JBODAT -
INTC6015-INTC6016-JBODAT +"|PROCESSAMENTO DE PAGAMENTOS
INTC6000|INTC6016|PR31-INTC6000|CYC|SIM|07|SIM|ADICIONA CONDIÇÃO|SIM|LATE|TSO-P|NAO|00|17:30|18:00|Y|DUMMY|DM-PR31-INIT|ANUAL|CAL_TODOS||INTC6015-INTC6016-JBODAT|"INTC6015-INTC6016-JBODAT -
INTC6016-INTC6017-JBODAT +"|PROCESSAMENTO DE ARQUIVOS
INTC6000|INTC6017|PR31-INTC6000|CYC|SIM|07|SIM|ADICIONA CONDIÇÃO|SIM|LATESUB|U-ECS|NAO|00|17:30|18:00||DUMMY|DM-PR31-INIT|ANUAL|CAL_TODOS|SIM; EVENTO: FORCE JOB; INTC6000; AMBIENTE=AL1|INTC6016-INTC6017-JBODAT|INTC6016-INTC6017-JBODAT -|PROCESSAMENTO DE PAGAMENTOS
RECB7000|RECB7000|PR41-RECB7000|CYC|NAO|03|NAO||SIM|LATE|OPER|NAO|00|18:45|20:15||DUMMY|DM-PR41-INIT|ANUAL|CAL_MENSAL|||RECB7000-RECB7001-JBODAT +|JOB DE RECONCILIACAO
RECB7000|RECB7001|PR41-RECB7000|CYC|NAO|03|NAO||NAO|||SIM|00|18:45|20:15||DUMMY|DM-PR41-INIT|ANUAL|CAL_MENSAL||RECB7000-RECB7001-JBODAT|"RECB7000-RECB7001-JBODAT -
RECB7001-RECB7002-JBODAT +"|CARGA DE DADOS MENSAIS
RECB7000|RECB7002|PR41-RECB7000|CYC|NAO|03|NAO||NAO|||NAO|00|18:45|20:15|Y|DUMMY|DM-PR41-INIT|ANUAL|CAL_MENSAL||RECB7001-RECB7002-JBODAT|"RECB7001-RECB7002-JBODAT -
RECB7002-RECB7003-JBODAT +"|PROCESSAMENTO FINANCEIRO
RECB7000|RECB7003|PR41-RECB7000|CYC|NAO|03|NAO||SIM|LATE|TSO-P|SIM|00|18:45|20:15||DUMMY|DM-PR41-INIT|ANUAL|CAL_MENSAL|SIM; EVENTO: ADICIONA CONDIÇÃO; RECB7000; AMBIENTE=MZ1|RECB7002-RECB7003-JBODAT|"RECB7002-RECB7003-JBODAT -
RECB7003-RECB7004-JBODAT +"|RECONCILIACAO BANCARIA
RECB7000|RECB7004|PR41-RECB7000|CYC|NAO|03|NAO||SIM|LATE|OPER|NAO|00|18:45|20:15||DUMMY|DM-PR41-INIT|ANUAL|CAL_MENSAL||RECB7003-RECB7004-JBODAT|"RECB7003-RECB7004-JBODAT -
RECB7004-RECB7005-JBODAT +"|PROCESSAMENTO FINANCEIRO
RECB7000|RECB7005|PR41-RECB7000|CYC|NAO|03|NAO||SIM|LATESUB|OPER|NAO|00|18:45|20:15||DUMMY|DM-PR41-INIT|ANUAL|CAL_MENSAL||RECB7004-RECB7005-JBODAT|"RECB7004-RECB7005-JBODAT -
RECB7005-RECB7006-JBODAT +"|RECONCILIACAO BANCARIA
RECB7000|RECB7006|PR41-RECB7000|CYC|NAO|03|NAO||SIM|LATE|OPER|NAO|00|18:45|20:15||DUMMY|DM-PR41-INIT|ANUAL|CAL_MENSAL||RECB7005-RECB7006-JBODAT|"RECB7005-RECB7006-JBODAT -
RECB7006-RECB7007-JBODAT +"|GERACAO DE EXTRATOS
RECB7000|RECB7007|PR41-RECB7000|CYC|NAO|03|NAO||NAO|||NAO|00|18:45|20:15||DUMMY|DM-PR41-INIT|ANUAL|CAL_MENSAL||RECB7006-RECB7007-JBODAT|"RECB7006-RECB7007-JBODAT -
RECB7007-RECB7008-JBODAT +"|PROCESSAMENTO CONTABIL
RECB7000|RECB7008|PR41-RECB7000|CYC|NAO|03|NAO||NAO|||SIM|00|18:45|20:15||DUMMY|DM-PR41-INIT|ANUAL|CAL_MENSAL||RECB7007-RECB7008-JBODAT|"RECB7007-RECB7008-JBODAT -
RECB7008-RECB7009-JBODAT +"|CARGA DE HISTORICO
RECB7000|RECB7009|PR41-RECB7000|CYC|NAO|03|NAO||NAO|||SIM|00|18:45|20:15||DUMMY|DM-PR41-INIT|ANUAL|CAL_MENSAL||RECB7008-RECB7009-JBODAT|"RECB7008-RECB7009-JBODAT -
RECB7009-RECB7010-JBODAT +"|CARGA DE TABELAS DE PARAMETRO
RECB7000|RECB7010|PR41-RECB7000|CYC|NAO|03|NAO||SIM|LATESUB|OPER|SIM|00|18:45|20:15||DUMMY|DM-PR41-INIT|ANUAL|CAL_MENSAL||RECB7009-RECB7010-JBODAT|"RECB7009-RECB7010-JBODAT -
RECB7010-RECB7011-JBODAT +"|CARGA DE TABELAS DE PARAMETRO
RECB7000|RECB7011|PR41-RECB7000|CYC|NAO|03|NAO||NAO|||NAO|00|18:45|20:15|Y|DUMMY|DM-PR41-INIT|ANUAL|CAL_MENSAL||RECB7010-RECB7011-JBODAT|"RECB7010-RECB7011-JBODAT -
RECB7011-RECB7012-JBODAT +"|JOB DE BACKUP
RECB7000|RECB7012|PR41-RECB7000|CYC|NAO|03|NAO||SIM|LATE|U-ECS|NAO|00|18:45|20:15||DUMMY|DM-PR41-INIT|ANUAL|CAL_MENSAL||RECB7011-RECB7012-JBODAT|"RECB7011-RECB7012-JBODAT -
RECB7012-RECB7013-JBODAT +"|RECONCILIACAO BANCARIA
RECB7000|RECB7013|PR41-RECB7000|CYC|NAO|03|NAO||NAO|||NAO|00|18:45|20:15|Y|DUMMY|DM-PR41-INIT|ANUAL|CAL_MENSAL||RECB7012-RECB7013-JBODAT|"RECB7012-RECB7013-JBODAT -
RECB7013-RECB7014-JBODAT +"|JOB DE RECONCILIACAO
RECB7000|RECB7014|PR41-RECB7000|CYC|NAO|03|NAO||SIM|LATESUB|U-ECS|NAO|00|18:45|20:15|Y|DUMMY|DM-PR41-INIT|ANUAL|CAL_MENSAL||RECB7013-RECB7014-JBODAT|RECB7013-RECB7014-JBODAT -|PROCESSAMENTO DE PAGAMENTOS
CRGB8000|CRGB8000|PR12-CRGB8000|JOB|SIM|00|NAO||SIM|LATESUB|U-ECS|NAO|05|07:15|08:15||MX.CTMR.PR12.SCHEFILE|CR-PR12-INIT|SEMANAL|CAL_MENSAL|SIM; EVENTO: ADICIONA CONDIÇÃO; CRGB8000; AMBIENTE=MZ1||CRGB8000-CRGB8001-JBODAT +|GERACAO DE EXTRATOS
CRGB8000|CRGB8001|PR12-CRGB8000|JOB|SIM|00|NAO||NAO|||SIM|05|07:15|08:15|Y|MX.CTMR.PR12.SCHEFILE|CR-PR12-INIT|SEMANAL|CAL_MENSAL||CRGB8000-CRGB8001-JBODAT|"CRGB8000-CRGB8001-JBODAT -
CRGB8001-CRGB8002-JBODAT +"|GERACAO DE EXTRATOS
CRGB8000|CRGB8002|PR12-CRGB8000|JOB|SIM|00|NAO||NAO|||SIM|05|07:15|08:15||MX.CTMR.PR12.SCHEFILE|CR-PR12-INIT|SEMANAL|CAL_MENSAL||CRGB8001-CRGB8002-JBODAT|"CRGB8001-CRGB8002-JBODAT -
CRGB8002-CRGB8003-JBODAT +"|JOB DE BACKUP
CRGB8000|CRGB8003|PR12-CRGB8000|JOB|SIM|00|NAO||SIM|EXECTIME|OPER|SIM|05|07:15|08:15||MX.CTMR.PR12.SCHEFILE|CR-PR12-INIT|SEMANAL|CAL_MENSAL||CRGB8002-CRGB8003-JBODAT|"CRGB8002-CRGB8003-JBODAT -
CRGB8003-CRGB8004-JBODAT +"|GERACAO DE RELATORIOS
CRGB8000|CRGB8004|PR12-CRGB8000|JOB|SIM|00|NAO||NAO|||NAO|05|07:15|08:15||MX.CTMR.PR12.SCHEFILE|CR-PR12-INIT|SEMANAL|CAL_MENSAL|SIM; EVENTO: FORCE JOB; CRGB8000; AMBIENTE=MZ1|CRGB8003-CRGB8004-JBODAT|"CRGB8003-CRGB8004-JBODAT -
CRGB8004-CRGB8005-JBODAT +"|PROCESSAMENTO CONTABIL
CRGB8000|CRGB8005|PR12-CRGB8000|JOB|SIM|00|NAO||SIM|LATESUB|OPER|NAO|05|07:15|08:15||MX.CTMR.PR12.SCHEFILE|CR-PR12-INIT|SEMANAL|CAL_MENSAL||CRGB8004-CRGB8005-JBODAT|CRGB8004-CRGB8005-JBODAT -|PROCESSAMENTO DE PAGAMENTOS
DATB9000|DATB9000|PR12-DATB9000|CYC|NAO|16|NAO||NAO|||SIM|00|17:15|18:45||DUMMY|DM-PR12-INIT|DIARIO|CAL_UTIL|||DATB9000-DATB9001-JBODAT +|PROCESSAMENTO FINANCEIRO
DATB9000|DATB9001|PR12-DATB9000|CYC|NAO|16|NAO||SIM|LATESUB|U-ECS|NAO|00|17:15|18:45||DUMMY|DM-PR12-INIT|DIARIO|CAL_UTIL||DATB9000-DATB9001-JBODAT|"DATB9000-DATB9001-JBODAT -
DATB9001-DATB9002-JBODAT +"|PROCESSAMENTO DE PAGAMENTOS
DATB9000|DATB9002|PR12-DATB9000|CYC|NAO|16|NAO||NAO|||SIM|00|17:15|18:45|Y|DUMMY|DM-PR12-INIT|DIARIO|CAL_UTIL||DATB9001-DATB9002-JBODAT|"DATB9001-DATB9002-JBODAT -
DATB9002-DATB9003-JBODAT +"|PROCESSAMENTO DIARIO DE LOTE
DATB9000|DATB9003|PR12-DATB9000|CYC|NAO|16|NAO||SIM|LATESUB|OPER|NAO|00|17:15|18:45||DUMMY|DM-PR12-INIT|DIARIO|CAL_UTIL|SIM; EVENTO: ADICIONA CONDIÇÃO; DATB9000; AMBIENTE=MZ1|DATB9002-DATB9003-JBODAT|"DATB9002-DATB9003-JBODAT -
DATB9003-DATB9004-JBODAT +"|PROCESSAMENTO FINANCEIRO
DATB9000|DATB9004|PR12-DATB9000|CYC|NAO|16|NAO||NAO|||NAO|00|17:15|18:45||DUMMY|DM-PR12-INIT|DIARIO|CAL_UTIL||DATB9003-DATB9004-JBODAT|"DATB9003-DATB9004-JBODAT -
DATB9004-DATB9005-JBODAT +"|CARGA DE HISTORICO
DATB9000|DATB9005|PR12-DATB9000|CYC|NAO|16|NAO||SIM|LATESUB|U-ECS|NAO|00|17:15|18:45|Y|DUMMY|DM-PR12-INIT|DIARIO|CAL_UTIL||DATB9004-DATB9005-JBODAT|"DATB9004-DATB9005-JBODAT -
DATB9005-DATB9006-JBODAT +"|JOB DE INTERFACE
DATB9000|DATB9006|PR12-DATB9000|CYC|NAO|16|NAO||SIM|LATE|U-ECS|NAO|00|17:15|18:45||DUMMY|DM-PR12-INIT|DIARIO|CAL_UTIL||DATB9005-DATB9006-JBODAT|DATB9005-DATB9006-JBODAT -|PROCESSAMENTO DE PAGAMENTOS
